Workbook

Sheet System Level Data
B2: Title: | C2: A&E Attendances & Emergency Admission monthly statistics, NHS and independent sector organisations in England
B4: Summary: | C4: A&E attendances, performance and emergency admission. Please see the Supplementary ECDS Analysis file for further breakdowns of A&E attendance data, this can be found published below this file on the NHS England Website, this provides attendance data split by age groups, gender, ethnicity, chief complaint and provides a data completeness and quality fact sheet.
B6: Period: | C6: September 26
B7: Source: | C7: SDCS data collection - MSitAE
B8: Basis: | C8: Provider
B9: Published: | C9: 8th October 2026
B10: Revised:
B11: Status: | C11: Published
B12: Contact: | C12: Kerry Evert - england.aedata@nhs.net
B14: System Level Data
D15: A&E attendances | H15: A&E attendances < 4 hours from arrival to admission, transfer or discharge | L15: A&E attendances > 4 hours from arrival to admission, transfer or discharge | P15: Percentage of attendances within 4 hours | T15: Emergency Admissions
B16: Code | C16: System | D16: Type 1 Departments - Major A&E | E16: Type 2 Departments - Single Specialty | F16: Type 3 Departments - Other A&E/Minor Injury Unit | G16: Total attendances | H16: Type 1 Departments - Major A&E | I16: Type 2 Departments - Single Specialty | J16: Type 3 Departments - Other A&E/Minor Injury Unit | K16: Total Attendances < 4 hours | L16: Type 1 Departments - Major A&E | M16: Type 2 Departments - Single Specialty | N16: Type 3 Departments - Other A&E/Minor Injury Unit | O16: Total Attendances > 4 hours | P16: Percentage in 4 hours or less (all) | Q16: Percentage in 4 hours or less (type 1) | R16: Percentage in 4 hours or less (type 2) | S16: Percentage in 4 hours or less (type 3) | T16: Emergency Admissions via Type 1 A&E | U16: Emergency Admissions via Type 2 A&E | V16: Emergency Admissions via Type 3 and 4 A&E | W16: Total Emergency Admissions via A&E | X16: Other Emergency admissions (i.e not via A&E) | Y16: Total Emergency Admissions | Z16: Number of patients spending >4 hours from decision to admit to admission | AA16: Number of patients spending >12 hours from decision to admit to admission
B17: - | C17: - | D17: 1503149 | E17: 55513 | F17: 886081 | G17: 2444743 | H17: 910567 | I17: 52395 | J17: 855030 | K17: 1817992 | L17: 592582 | M17: 3118 | N17: 31051 | O17: 626751 | P17: 0.74363318 | Q17: 0.60577295 | R17: 0.94383298 | S17: 0.96495693 | T17: 394675 | U17: 1534 | V17: 5107 | W17: 401316 | X17: 134842 | Y17: 536158 | Z17: 129199 | AA17: 50582
B19: D7T5G | C19: NHS Essex Integrated Care Board | D19: 37862 | E19: 0 | F19: 11080 | G19: 48942 | H19: 24290 | I19: 0 | J19: 10719 | K19: 35009 | L19: 13572 | M19: 0 | N19: 361 | O19: 13933 | P19: 0.71531609 | Q19: 0.64154033 | R19: - | S19: 0.96741877 | T19: 10916 | U19: 0 | V19: 164 | W19: 11080 | X19: 1621 | Y19: 12701 | Z19: 4146 | AA19: 1699
B20: QE1 | C20: NHS Lancashire And South Cumbria Integrated Care Board | D20: 45166 | E20: 0 | F20: 32469 | G20: 77635 | H20: 27622 | I20: 0 | J20: 31048 | K20: 58670 | L20: 17544 | M20: 0 | N20: 1421 | O20: 18965 | P20: 0.75571585 | Q20: 0.61156622 | R20: - | S20: 0.95623518 | T20: 12448 | U20: 0 | V20: 210 | W20: 12658 | X20: 6936 | Y20: 19594 | Z20: 4518 | AA20: 2276
B21: QF7 | C21: NHS South Yorkshire Integrated Care Board | D21: 48559 | E21: 1395 | F21: 12605 | G21: 62559 | H21: 32261 | I21: 1329 | J21: 12229 | K21: 45819 | L21: 16298 | M21: 66 | N21: 376 | O21: 16740 | P21: 0.7324126 | Q21: 0.66436706 | R21: 0.95268817 | S21: 0.97017057 | T21: 13283 | U21: 0 | V21: 341 | W21: 13624 | X21: 5377 | Y21: 19001 | Z21: 4128 | AA21: 510
B22: QGH | C22: NHS Herefordshire And Worcestershire Integrated Care Board | D22: 21120 | E22: 976 | F22: 6546 | G22: 28642 | H22: 11566 | I22: 976 | J22: 6412 | K22: 18954 | L22: 9554 | M22: 0 | N22: 134 | O22: 9688 | P22: 0.66175546 | Q22: 0.54763258 | R22: 1 | S22: 0.97952948 | T22: 4627 | U22: 0 | V22: 0 | W22: 4627 | X22: 980 | Y22: 5607 | Z22: 2402 | AA22: 1197
B23: QHL | C23: NHS Birmingham And Solihull Integrated Care Board | D23: 39277 | E23: 407 | F23: 13556 | G23: 53240 | H23: 23340 | I23: 407 | J23: 13497 | K23: 37244 | L23: 15937 | M23: 0 | N23: 59 | O23: 15996 | P23: 0.69954921 | Q23: 0.5942409 | R23: 1 | S23: 0.99564768 | T23: 10912 | U23: 0 | V23: 0 | W23: 10912 | X23: 8759 | Y23: 19671 | Z23: 3795 | AA23: 2088
B24: QHM | C24: NHS North East And North Cumbria Integrated Care Board | D24: 76594 | E24: 3327 | F24: 73483 | G24: 153404 | H24: 44504 | I24: 3183 | J24: 72354 | K24: 120041 | L24: 32090 | M24: 144 | N24: 1129 | O24: 33363 | P24: 0.78251545 | Q24: 0.58103768 | R24: 0.95671776 | S24: 0.9846359 | T24: 25489 | U24: 44 | V24: 712 | W24: 26245 | X24: 10995 | Y24: 37240 | Z24: 4613 | AA24: 354
B25: QJ2 | C25: NHS Derby And Derbyshire Integrated Care Board | D25: 29713 | E25: 0 | F25: 24894 | G25: 54607 | H25: 15841 | I25: 0 | J25: 24328 | K25: 40169 | L25: 13872 | M25: 0 | N25: 566 | O25: 14438 | P25: 0.73560166 | Q25: 0.53313365 | R25: - | S25: 0.9772636 | T25: 5973 | U25: 0 | V25: 22 | W25: 5995 | X25: 2902 | Y25: 8897 | Z25: 2598 | AA25: 974
B26: QJK | C26: NHS Devon Integrated Care Board | D26: 31228 | E26: 74 | F26: 18975 | G26: 50277 | H26: 15105 | I26: 68 | J26: 18457 | K26: 33630 | L26: 16123 | M26: 6 | N26: 518 | O26: 16647 | P26: 0.66889433 | Q26: 0.48370053 | R26: 0.91891892 | S26: 0.97270092 | T26: 7028 | U26: 0 | V26: 34 | W26: 7062 | X26: 3183 | Y26: 10245 | Z26: 3695 | AA26: 968
B27: QJM | C27: NHS Lincolnshire Integrated Care Board | D27: 17584 | E27: 0 | F27: 14647 | G27: 32231 | H27: 11191 | I27: 0 | J27: 13924 | K27: 25115 | L27: 6393 | M27: 0 | N27: 723 | O27: 7116 | P27: 0.77921876 | Q27: 0.63643085 | R27: - | S27: 0.95063836 | T27: 4773 | U27: 0 | V27: 0 | W27: 4773 | X27: 1212 | Y27: 5985 | Z27: 1975 | AA27: 1347
B28: QK1 | C28: NHS Leicester, Leicestershire And Rutland Integrated Care Board | D28: 24152 | E28: 2198 | F28: 16850 | G28: 43200 | H28: 14347 | I28: 2012 | J28: 16797 | K28: 33156 | L28: 9805 | M28: 186 | N28: 53 | O28: 10044 | P28: 0.7675 | Q28: 0.59402948 | R28: 0.91537762 | S28: 0.9968546 | T28: 6766 | U28: 5 | V28: 0 | W28: 6771 | X28: 3841 | Y28: 10612 | Z28: 1639 | AA28: 499
B29: QKK | C29: NHS South East London Integrated Care Board | D29: 43742 | E29: 0 | F29: 39380 | G29: 83122 | H29: 22411 | I29: 0 | J29: 38021 | K29: 60432 | L29: 21331 | M29: 0 | N29: 1359 | O29: 22690 | P29: 0.72702774 | Q29: 0.51234511 | R29: - | S29: 0.9654901 | T29: 10277 | U29: 0 | V29: 0 | W29: 10277 | X29: 1243 | Y29: 11520 | Z29: 4482 | AA29: 1478
B30: QKS | C30: NHS Kent And Medway Integrated Care Board | D30: 58343 | E30: 0 | F30: 43108 | G30: 101451 | H30: 39373 | I30: 0 | J30: 41084 | K30: 80457 | L30: 18970 | M30: 0 | N30: 2024 | O30: 20994 | P30: 0.79306266 | Q30: 0.67485388 | R30: - | S30: 0.95304816 | T30: 10889 | U30: 0 | V30: 528 | W30: 11417 | X30: 2034 | Y30: 13451 | Z30: 4876 | AA30: 2668
B31: QMF | C31: NHS North East London Integrated Care Board | D31: 53046 | E31: 3366 | F31: 41981 | G31: 98393 | H31: 34628 | I31: 3106 | J31: 39921 | K31: 77655 | L31: 18418 | M31: 260 | N31: 2060 | O31: 20738 | P31: 0.78923297 | Q31: 0.65279192 | R31: 0.92275698 | S31: 0.95093018 | T31: 9346 | U31: 0 | V31: 24 | W31: 9370 | X31: 4134 | Y31: 13504 | Z31: 3429 | AA31: 1801
B32: QNC | C32: NHS Staffordshire And Stoke-On-Trent Integrated Care Board | D32: 15769 | E32: 540 | F32: 9723 | G32: 26032 | H32: 7131 | I32: 540 | J32: 9520 | K32: 17191 | L32: 8638 | M32: 0 | N32: 203 | O32: 8841 | P32: 0.66037953 | Q32: 0.45221637 | R32: 1 | S32: 0.97912167 | T32: 4724 | U32: 0 | V32: 0 | W32: 4724 | X32: 1167 | Y32: 5891 | Z32: 1772 | AA32: 640
B33: QOC | C33: NHS Shropshire, Telford And Wrekin Integrated Care Board | D33: 11747 | E33: 0 | F33: 6204 | G33: 17951 | H33: 5069 | I33: 0 | J33: 5843 | K33: 10912 | L33: 6678 | M33: 0 | N33: 361 | O33: 7039 | P33: 0.607877 | Q33: 0.43151443 | R33: - | S33: 0.94181173 | T33: 3708 | U33: 0 | V33: 209 | W33: 3917 | X33: 2134 | Y33: 6051 | Z33: 1912 | AA33: 1373
B34: QOP | C34: NHS Greater Manchester Integrated Care Board | D34: 92773 | E34: 3914 | F34: 36006 | G34: 132693 | H34: 53232 | I34: 3566 | J34: 34752 | K34: 91550 | L34: 39541 | M34: 348 | N34: 1254 | O34: 41143 | P34: 0.68993843 | Q34: 0.57378763 | R34: 0.9110884 | S34: 0.96517247 | T34: 22436 | U34: 110 | V34: 760 | W34: 23306 | X34: 6451 | Y34: 29757 | Z34: 9120 | AA34: 2911
B35: QOQ | C35: NHS Humber And North Yorkshire Integrated Care Board | D35: 39069 | E35: 34 | F35: 28840 | G35: 67943 | H35: 19451 | I35: 34 | J35: 26842 | K35: 46327 | L35: 19618 | M35: 0 | N35: 1998 | O35: 21616 | P35: 0.68185096 | Q35: 0.49786276 | R35: 1 | S35: 0.93072122 | T35: 13829 | U35: 0 | V35: 0 | W35: 13829 | X35: 3427 | Y35: 17256 | Z35: 3873 | AA35: 1685
B36: QOX | C36: NHS Bath And North East Somerset, Swindon And Wiltshire Integrated Care Board | D36: 22499 | E36: 339 | F36: 11521 | G36: 34359 | H36: 12191 | I36: 339 | J36: 10840 | K36: 23370 | L36: 10308 | M36: 0 | N36: 681 | O36: 10989 | P36: 0.68017113 | Q36: 0.5418463 | R36: 1 | S36: 0.94089055 | T36: 6801 | U36: 0 | V36: 0 | W36: 6801 | X36: 4208 | Y36: 11009 | Z36: 2922 | AA36: 851
B37: QPM | C37: NHS Northamptonshire Integrated Care Board | D37: 20639 | E37: 654 | F37: 12964 | G37: 34257 | H37: 12037 | I37: 629 | J37: 12863 | K37: 25529 | L37: 8602 | M37: 25 | N37: 101 | O37: 8728 | P37: 0.74521996 | Q37: 0.58321624 | R37: 0.9617737 | S37: 0.99220919 | T37: 4376 | U37: 0 | V37: 0 | W37: 4376 | X37: 559 | Y37: 4935 | Z37: 2563 | AA37: 1564
B38: QR1 | C38: NHS Gloucestershire Integrated Care Board | D38: 14773 | E38: 0 | F38: 9047 | G38: 23820 | H38: 9134 | I38: 0 | J38: 8722 | K38: 17856 | L38: 5639 | M38: 0 | N38: 325 | O38: 5964 | P38: 0.74962217 | Q38: 0.61829012 | R38: - | S38: 0.96407649 | T38: 2579 | U38: 0 | V38: 0 | W38: 2579 | X38: 2907 | Y38: 5486 | Z38: 808 | AA38: 454
B39: QRL | C39: NHS Hampshire And Isle Of Wight Integrated Care Board | D39: 40638 | E39: 2670 | F39: 28419 | G39: 71727 | H39: 24750 | I39: 2631 | J39: 27307 | K39: 54688 | L39: 15888 | M39: 39 | N39: 1112 | O39: 17039 | P39: 0.7624465 | Q39: 0.60903588 | R39: 0.98539326 | S39: 0.96087125 | T39: 11993 | U39: 11 | V39: 23 | W39: 12027 | X39: 5444 | Y39: 17471 | Z39: 2929 | AA39: 1337
B40: QSL | C40: NHS Somerset Integrated Care Board | D40: 12302 | E40: 0 | F40: 9553 | G40: 21855 | H40: 6447 | I40: 0 | J40: 9229 | K40: 15676 | L40: 5855 | M40: 0 | N40: 324 | O40: 6179 | P40: 0.71727294 | Q40: 0.52406113 | R40: - | S40: 0.96608395 | T40: 3121 | U40: 0 | V40: 0 | W40: 3121 | X40: 1809 | Y40: 4930 | Z40: 639 | AA40: 86
B41: QT1 | C41: NHS Nottingham And Nottinghamshire Integrated Care Board | D41: 24921 | E41: 2016 | F41: 18044 | G41: 44981 | H41: 13818 | I41: 1933 | J41: 15439 | K41: 31190 | L41: 11103 | M41: 83 | N41: 2605 | O41: 13791 | P41: 0.69340388 | Q41: 0.55447213 | R41: 0.95882937 | S41: 0.85563068 | T41: 7619 | U41: 0 | V41: 1292 | W41: 8911 | X41: 4341 | Y41: 13252 | Z41: 1886 | AA41: 1158
B42: QT6 | C42: NHS Cornwall And The Isles Of Scilly Integrated Care Board | D42: 7435 | E42: 0 | F42: 12254 | G42: 19689 | H42: 3507 | I42: 0 | J42: 11352 | K42: 14859 | L42: 3928 | M42: 0 | N42: 902 | O42: 4830 | P42: 0.75468536 | Q42: 0.47168796 | R42: - | S42: 0.92639138 | T42: 2487 | U42: 0 | V42: 59 | W42: 2546 | X42: 1459 | Y42: 4005 | Z42: 944 | AA42: 497
B43: QUA | C43: NHS Black Country Integrated Care Board | D43: 45184 | E43: 2914 | F43: 24606 | G43: 72704 | H43: 29635 | I43: 2612 | J43: 24056 | K43: 56303 | L43: 15549 | M43: 302 | N43: 550 | O43: 16401 | P43: 0.77441406 | Q43: 0.65587376 | R43: 0.89636239 | S43: 0.97764773 | T43: 17140 | U43: 0 | V43: 70 | W43: 17210 | X43: 4311 | Y43: 21521 | Z43: 5040 | AA43: 1221
B44: QUY | C44: NHS Bristol, North Somerset And South Gloucestershire Integrated Care Board | D44: 26019 | E44: 2648 | F44: 9915 | G44: 38582 | H44: 17631 | I44: 2342 | J44: 9360 | K44: 29333 | L44: 8388 | M44: 306 | N44: 555 | O44: 9249 | P44: 0.76027681 | Q44: 0.6776202 | R44: 0.88444109 | S44: 0.94402421 | T44: 8606 | U44: 20 | V44: 0 | W44: 8626 | X44: 4081 | Y44: 12707 | Z44: 1915 | AA44: 620
B45: QVV | C45: NHS Dorset Integrated Care Board | D45: 21656 | E45: 0 | F45: 8519 | G45: 30175 | H45: 13819 | I45: 0 | J45: 8513 | K45: 22332 | L45: 7837 | M45: 0 | N45: 6 | O45: 7843 | P45: 0.74008285 | Q45: 0.63811415 | R45: - | S45: 0.99929569 | T45: 6313 | U45: 2 | V45: 0 | W45: 6315 | X45: 3120 | Y45: 9435 | Z45: 1611 | AA45: 412
B46: QWE | C46: NHS South West London Integrated Care Board | D46: 42992 | E46: 0 | F46: 20276 | G46: 63268 | H46: 26798 | I46: 0 | J46: 19113 | K46: 45911 | L46: 16194 | M46: 0 | N46: 1163 | O46: 17357 | P46: 0.7256591 | Q46: 0.62332527 | R46: - | S46: 0.94264155 | T46: 7681 | U46: 0 | V46: 171 | W46: 7852 | X46: 1425 | Y46: 9277 | Z46: 3705 | AA46: 2172
B47: QWO | C47: NHS West Yorkshire Integrated Care Board | D47: 69448 | E47: 2007 | F47: 23851 | G47: 95306 | H47: 47311 | I47: 2007 | J47: 23611 | K47: 72929 | L47: 22137 | M47: 0 | N47: 240 | O47: 22377 | P47: 0.76520891 | Q47: 0.68124352 | R47: 1 | S47: 0.98993753 | T47: 14080 | U47: 0 | V47: 181 | W47: 14261 | X47: 3929 | Y47: 18190 | Z47: 6940 | AA47: 1335
B48: QWU | C48: NHS Coventry And Warwickshire Integrated Care Board | D48: 29443 | E48: 2778 | F48: 8070 | G48: 40291 | H48: 20252 | I48: 2691 | J48: 7947 | K48: 30890 | L48: 9191 | M48: 87 | N48: 123 | O48: 9401 | P48: 0.76667246 | Q48: 0.68783752 | R48: 0.96868251 | S48: 0.98475836 | T48: 4119 | U48: 44 | V48: 61 | W48: 4224 | X48: 983 | Y48: 5207 | Z48: 1423 | AA48: 562
B49: QYG | C49: NHS Cheshire And Merseyside Integrated Care Board | D49: 75386 | E49: 3643 | F49: 50944 | G49: 129973 | H49: 41693 | I49: 3440 | J49: 49061 | K49: 94194 | L49: 33693 | M49: 203 | N49: 1883 | O49: 35779 | P49: 0.72471975 | Q49: 0.55306025 | R49: 0.9442767 | S49: 0.96303785 | T49: 23443 | U49: 254 | V49: 0 | W49: 23697 | X49: 8164 | Y49: 31861 | Z49: 8168 | AA49: 4783
B50: S0E4D | C50: NHS Thames Valley Integrated Care Board | D50: 61783 | E50: 6572 | F50: 27477 | G50: 95832 | H50: 41076 | I50: 6439 | J50: 26962 | K50: 74477 | L50: 20707 | M50: 133 | N50: 515 | O50: 21355 | P50: 0.77716212 | Q50: 0.66484308 | R50: 0.97976263 | S50: 0.98125705 | T50: 19064 | U50: 1015 | V50: 30 | W50: 20109 | X50: 5028 | Y50: 25137 | Z50: 3103 | AA50: 771
B51: S1Y5D | C51: NHS Central East Integrated Care Board | D51: 76040 | E51: 0 | F51: 50079 | G51: 126119 | H51: 44538 | I51: 0 | J51: 49169 | K51: 93707 | L51: 31502 | M51: 0 | N51: 910 | O51: 32412 | P51: 0.74300462 | Q51: 0.58571804 | R51: - | S51: 0.98182871 | T51: 22386 | U51: 0 | V51: 68 | W51: 22454 | X51: 5709 | Y51: 28163 | Z51: 4572 | AA51: 1158
B52: S9B9J | C52: NHS Surrey and Sussex Integrated Care Board | D52: 69818 | E52: 1563 | F52: 36057 | G52: 107438 | H52: 41283 | I52: 1399 | J52: 34717 | K52: 77399 | L52: 28535 | M52: 164 | N52: 1340 | O52: 30039 | P52: 0.72040619 | Q52: 0.59129451 | R52: 0.89507358 | S52: 0.96283662 | T52: 18707 | U52: 18 | V52: 16 | W52: 18741 | X52: 5082 | Y52: 23823 | Z52: 4661 | AA52: 2000
B53: T6Y0W | C53: NHS Norfolk and Suffolk Integrated Care Board | D53: 49367 | E53: 0 | F53: 24749 | G53: 74116 | H53: 31995 | I53: 0 | J53: 23790 | K53: 55785 | L53: 17372 | M53: 0 | N53: 959 | O53: 18331 | P53: 0.75267149 | Q53: 0.64810501 | R53: - | S53: 0.96125096 | T53: 12732 | U53: 0 | V53: 1 | W53: 12733 | X53: 2914 | Y53: 15647 | Z53: 4985 | AA53: 1871
B54: Z9B2Z | C54: NHS West and North London Integrated Care Board | D54: 107062 | E54: 11478 | F54: 69389 | G54: 187929 | H54: 71290 | I54: 10712 | J54: 67231 | K54: 149233 | L54: 35772 | M54: 766 | N54: 2158 | O54: 38696 | P54: 0.79409245 | Q54: 0.66587585 | R54: 0.93326363 | S54: 0.96889997 | T54: 24004 | U54: 11 | V54: 131 | W54: 24146 | X54: 2973 | Y54: 27119 | Z54: 7412 | AA54: 3262

Sheet System Mapping
A3: Org code | B3: Region | C3: Name | D3: STP | G3: STP | H3: Code
A4: RC9 | B4: East of England Commissioning Region | C4: Bedfordshire Hospitals NHS Foundation Trust | D4: NHS Central East Integrated Care Board | G4: Bath and North East Somerset, Swindon and Wiltshire STP | H4: QOX | I4: NHS BATH AND NORTH EAST SOMERSET, SWINDON AND WILTSHIRE INTEGRATED CARE BOARD | J4: NHS Bath And North East Somerset, Swindon And Wiltshire Integrated Care Board
A5: RD8 | B5: East of England Commissioning Region | C5: Milton Keynes University Hospital NHS Foundation Trust | D5: NHS Central East Integrated Care Board | G5: Bedfordshire, Luton and Milton Keynes STP | H5: QHG | I5: NHS BEDFORDSHIRE, LUTON AND MILTON KEYNES INTEGRATED CARE BOARD | J5: NHS Bedfordshire, Luton And Milton Keynes Integrated Care Board
A6: Y02428 | B6: East of England Commissioning Region | C6: Putnoe Medical Centre Walk In Centre | D6: NHS Central East Integrated Care Board | G6: Birmingham and Solihull STP | H6: QHL | I6: NHS BIRMINGHAM AND SOLIHULL INTEGRATED CARE BOARD | J6: NHS Birmingham And Solihull Integrated Care Board
A7: RGT | B7: East of England Commissioning Region | C7: Cambridge University Hospitals NHS Foundation Trust | D7: NHS Central East Integrated Care Board | G7: Bristol, North Somerset and South Gloucestershire STP | H7: QUY | I7: NHS BRISTOL, NORTH SOMERSET AND SOUTH GLOUCESTERSHIRE INTEGRATED CARE BOARD | J7: NHS Bristol, North Somerset And South Gloucestershire Integrated Care Board
A8: RGN | B8: East of England Commissioning Region | C8: North West Anglia NHS Foundation Trust | D8: NHS Central East Integrated Care Board | G8: Buckinghamshire, Oxfordshire and Berkshire West STP | H8: QU9 | I8: NHS BUCKINGHAMSHIRE, OXFORDSHIRE AND BERKSHIRE WEST INTEGRATED CARE BOARD | J8: NHS Buckinghamshire, Oxfordshire And Berkshire West Integrated Care Board
A9: RWH | B9: East of England Commissioning Region | C9: East And North Hertfordshire NHS Trust | D9: NHS Central East Integrated Care Board | G9: Cambridgeshire and Peterborough STP | H9: QUE | I9: NHS CAMBRIDGESHIRE AND PETERBOROUGH INTEGRATED CARE BOARD | J9: NHS Cambridgeshire And Peterborough Integrated Care Board
A10: RY4 | B10: East of England Commissioning Region | C10: Hertfordshire Community NHS Trust | D10: NHS Central East Integrated Care Board | G10: Cheshire and Merseyside STP | H10: QYG | I10: NHS CHESHIRE AND MERSEYSIDE INTEGRATED CARE BOARD | J10: NHS Cheshire And Merseyside Integrated Care Board
A11: DT301 | B11: East of England Commissioning Region | C11: Herts Urgent Care (Ascots Lane) | D11: NHS Central East Integrated Care Board | G11: Cornwall and The Isles of Scilly Health & Social Care Partnership (STP) | H11: QT6 | I11: NHS CORNWALL AND THE ISLES OF SCILLY INTEGRATED CARE BOARD | J11: NHS Cornwall And The Isles Of Scilly Integrated Care Board
A12: RQW | B12: East of England Commissioning Region | C12: The Princess Alexandra Hospital NHS Trust | D12: NHS Essex Integrated Care Board | G12: Coventry and Warwickshire STP | H12: QWU | I12: NHS COVENTRY AND WARWICKSHIRE INTEGRATED CARE BOARD | J12: NHS Coventry And Warwickshire Integrated Care Board
A13: RWG | B13: East of England Commissioning Region | C13: West Hertfordshire Teaching Hospitals NHS Trust | D13: NHS Central East Integrated Care Board | G13: Cumbria and North East STP | H13: QHM | I13: NHS NORTH EAST AND NORTH CUMBRIA INTEGRATED CARE BOARD | J13: NHS North East And North Cumbria Integrated Care Board
A14: RAJ | B14: East of England Commissioning Region | C14: Mid And South Essex NHS Foundation Trust | D14: NHS Essex Integrated Care Board | G14: Devon STP | H14: QJK | I14: NHS DEVON INTEGRATED CARE BOARD | J14: NHS Devon Integrated Care Board
A15: RGP | B15: East of England Commissioning Region | C15: James Paget University Hospitals NHS Foundation Trust | D15: NHS Norfolk and Suffolk Integrated Care Board | G15: Dorset STP | H15: QVV | I15: NHS DORSET INTEGRATED CARE BOARD | J15: NHS Dorset Integrated Care Board
... A45: RJ7 | B45: London Commissioning Region | C45: St George's University Hospitals NHS Foundation Trust | D45: NHS South West London Integrated Care Board | G45: West Yorkshire (Health & Care Partnership) STP | H45: QWO | I45: NHS WEST YORKSHIRE INTEGRATED CARE BOARD | J45: NHS West Yorkshire Integrated Care Board
A46: RQ3 | B46: Midlands Commissioning Region | C46: Birmingham Women's And Children's NHS Foundation Trust | D46: NHS Birmingham And Solihull Integrated Care Board
A47: RRK | B47: Midlands Commissioning Region | C47: University Hospitals Birmingham NHS Foundation Trust | D47: NHS Birmingham And Solihull Integrated Care Board
A48: RXK | B48: Midlands Commissioning Region | C48: Sandwell And West Birmingham Hospitals NHS Trust | D48: NHS Black Country Integrated Care Board
A49: RNA | B49: Midlands Commissioning Region | C49: The Dudley Group NHS Foundation Trust | D49: NHS Black Country Integrated Care Board
A50: RL4 | B50: Midlands Commissioning Region | C50: The Royal Wolverhampton NHS Trust | D50: NHS Black Country Integrated Care Board
A51: RBK | B51: Midlands Commissioning Region | C51: Walsall Healthcare NHS Trust | D51: NHS Black Country Integrated Care Board
A52: RYG | B52: Midlands Commissioning Region | C52: Coventry and Warwickshire Partnership NHS Trust | D52: NHS Coventry And Warwickshire Integrated Care Board
A53: RLT | B53: Midlands Commissioning Region | C53: George Eliot Hospital NHS Trust | D53: NHS Coventry And Warwickshire Integrated Care Board
A54: RJC | B54: Midlands Commissioning Region | C54: South Warwickshire University NHS Foundation Trust | D54: NHS Coventry And Warwickshire Integrated Care Board
A55: RKB | B55: Midlands Commissioning Region | C55: University Hospitals Coventry And Warwickshire NHS Trust | D55: NHS Coventry And Warwickshire Integrated Care Board
A56: RFS | B56: Midlands Commissioning Region | C56: Chesterfield Royal Hospital NHS Foundation Trust | D56: NHS Derby And Derbyshire Integrated Care Board
A57: RTG | B57: Midlands Commissioning Region | C57: University Hospitals Of Derby And Burton NHS Foundation Trust | D57: NHS Derby And Derbyshire Integrated Care Board
... A270: Y02816 | B270: South East Commissioning Region | C270: Eastbourne Station Health Centre | D270: NHS Sussex Integrated Care Board

Sheet Provider Level Data
E1: 4 | F1: 5 | G1: 6 | M1: 10 | N1: 11 | O1: 12 | U1: 18 | V1: 19 | W1: 20 | Y1: 21 | AA1: 16 | AB1: 17
B2: Title: | C2: A&E Attendances & Emergency Admission monthly statistics, NHS and independent sector organisations in England | E2: 7 | F2: 8 | G2: 9 | M2: 13 | N2: 14 | O2: 15
B4: Summary: | C4: The total of booked and non-booked A&E attendances, as well as emergency admissions and headline 4-hour performance. Please see the Supplementary ECDS Analysis file for further breakdowns of A&E attendance data, this can be found published below this file on the NHS England Website, this provides attendance data split by age groups, gender, ethnicity, chief complaint and provides a data completeness and quality fact sheet.
B6: Period: | C6: September 26
B7: Source: | C7: SDCS data collection - MSitAE
B8: Basis: | C8: Provider
B9: Published: | C9: 8th October 2026
B10: Revised:
B11: Status: | C11: Published
B12: Contact: | C12: Kerry Evert - england.aedata@nhs.net
B14: Provider Level Data
E15: A&E attendances | I15: A&E attendances less than 4 hours from arrival to admission, transfer or discharge | M15: A&E attendances greater than 4 hours from arrival to admission, transfer or discharge | Q15: Percentage of attendances within 4 hours | U15: Emergency Admissions
B16: Code | C16: Region | D16: Name | E16: Type 1 Departments - Major A&E | F16: Type 2 Departments - Single Specialty | G16: Type 3 Departments - Other A&E/Minor Injury Unit | H16: Total attendances | I16: Type 1 Departments - Major A&E | J16: Type 2 Departments - Single Specialty | K16: Type 3 Departments - Other A&E/Minor Injury Unit | L16: Total Attendances < 4 hours | M16: Type 1 Departments - Major A&E | N16: Type 2 Departments - Single Specialty | O16: Type 3 Departments - Other A&E/Minor Injury Unit | P16: Total Attendances > 4 hours | Q16: Percentage in 4 hours or less (all) | R16: Percentage in 4 hours or less (type 1) | S16: Percentage in 4 hours or less (type 2) | T16: Percentage in 4 hours or less (type 3) | U16: Emergency Admissions via Type 1 A&E | V16: Emergency Admissions via Type 2 A&E | W16: Emergency Admissions via Type 3 and 4 A&E | X16: Total Emergency Admissions via A&E | Y16: Other Emergency admissions (i.e not via A&E) | Z16: Total Emergency Admissions | AA16: Number of patients spending >4 hours from decision to admit to admission | AB16: Number of patients spending >12 hours from decision to admit to admission
B17: - | C17: - | D17: England | E17: 1503149 | F17: 55513 | G17: 886081 | H17: 2444743 | I17: 910567 | J17: 52395 | K17: 855030 | L17: 1817992 | M17: 592582 | N17: 3118 | O17: 31051 | P17: 626751 | Q17: 0.74363318 | R17: 0.60577295 | S17: 0.94383298 | T17: 0.96495693 | U17: 394675 | V17: 1534 | W17: 5107 | X17: 401316 | Y17: 134842 | Z17: 536158 | AA17: 129199 | AB17: 50582
B19: RC9 | C19: NHS England East Of England | D19: Bedfordshire Hospitals NHS Foundation Trust | E19: 18509 | F19: 0 | G19: 8667 | H19: 27176 | I19: 11566 | J19: 0 | K19: 8667 | L19: 20233 | M19: 6943 | N19: 0 | O19: 0 | P19: 6943 | Q19: 0.74451722 | R19: 0.62488519 | S19: - | T19: 1 | U19: 5154 | V19: 0 | W19: 0 | X19: 5154 | Y19: 2480 | Z19: 7634 | AA19: 166 | AB19: 85 | AC19: NHS Central East Integrated Care Board
B20: RGT | C20: NHS England East Of England | D20: Cambridge University Hospitals NHS Foundation Trust | E20: 12085 | F20: 0 | G20: 5862 | H20: 17947 | I20: 6528 | J20: 0 | K20: 5762 | L20: 12290 | M20: 5557 | N20: 0 | O20: 100 | P20: 5657 | Q20: 0.68479412 | R20: 0.54017377 | S20: - | T20: 0.98294098 | U20: 3007 | V20: 0 | W20: 35 | X20: 3042 | Y20: 422 | Z20: 3464 | AA20: 784 | AB20: 262 | AC20: NHS Central East Integrated Care Board
B21: RWH | C21: NHS England East Of England | D21: East And North Hertfordshire Teaching NHS Trust | E21: 9588 | F21: 0 | G21: 9229 | H21: 18817 | I21: 4512 | J21: 0 | K21: 9107 | L21: 13619 | M21: 5076 | N21: 0 | O21: 122 | P21: 5198 | Q21: 0.72376043 | R21: 0.47058824 | S21: - | T21: 0.9867808 | U21: 2198 | V21: 0 | W21: 3 | X21: 2201 | Y21: 425 | Z21: 2626 | AA21: 526 | AB21: 89 | AC21: NHS Central East Integrated Care Board
B22: RDE | C22: NHS England East Of England | D22: East Suffolk And North Essex NHS Foundation Trust | E22: 12846 | F22: 0 | G22: 12888 | H22: 25734 | I22: 7552 | J22: 0 | K22: 11936 | L22: 19488 | M22: 5294 | N22: 0 | O22: 952 | P22: 6246 | Q22: 0.75728608 | R22: 0.58788728 | S22: - | T22: 0.92613284 | U22: 5016 | V22: 0 | W22: 1 | X22: 5017 | Y22: 220 | Z22: 5237 | AA22: 1471 | AB22: 858 | AC22: NHS Norfolk and Suffolk Integrated Care Board
B23: RY4 | C23: NHS England East Of England | D23: Hertfordshire Community NHS Trust | E23: 0 | F23: 0 | G23: 1195 | H23: 1195 | I23: 0 | J23: 0 | K23: 1129 | L23: 1129 | M23: 0 | N23: 0 | O23: 66 | P23: 66 | Q23: 0.94476987 | R23: - | S23: - | T23: 0.94476987 | U23: 0 | V23: 0 | W23: 0 | X23: 0 | Y23: 0 | Z23: 0 | AA23: 0 | AB23: 0 | AC23: NHS Central East Integrated Care Board
B24: DT301 | C24: NHS England East Of England | D24: Herts Urgent Care (Ascots Lane) | E24: 0 | F24: 0 | G24: 2328 | H24: 2328 | I24: 0 | J24: 0 | K24: 2208 | L24: 2208 | M24: 0 | N24: 0 | O24: 120 | P24: 120 | Q24: 0.94845361 | R24: - | S24: - | T24: 0.94845361 | U24: 0 | V24: 0 | W24: 0 | X24: 0 | Y24: 0 | Z24: 0 | AA24: 0 | AB24: 0 | AC24: NHS Central East Integrated Care Board
B25: RGP | C25: NHS England East Of England | D25: James Paget University Hospitals NHS Foundation Trust | E25: 7874 | F25: 0 | G25: 1582 | H25: 9456 | I25: 4655 | J25: 0 | K25: 1582 | L25: 6237 | M25: 3219 | N25: 0 | O25: 0 | P25: 3219 | Q25: 0.65958122 | R25: 0.59118618 | S25: - | T25: 1 | U25: 1692 | V25: 0 | W25: 0 | X25: 1692 | Y25: 461 | Z25: 2153 | AA25: 1034 | AB25: 423 | AC25: NHS Norfolk and Suffolk Integrated Care Board
B26: RAJ | C26: NHS England East Of England | D26: Mid And South Essex NHS Foundation Trust | E26: 28628 | F26: 0 | G26: 8515 | H26: 37143 | I26: 17700 | J26: 0 | K26: 8154 | L26: 25854 | M26: 10928 | N26: 0 | O26: 361 | P26: 11289 | Q26: 0.69606655 | R26: 0.61827581 | S26: - | T26: 0.95760423 | U26: 9218 | V26: 0 | W26: 164 | X26: 9382 | Y26: 1161 | Z26: 10543 | AA26: 3299 | AB26: 1371 | AC26: NHS Essex Integrated Care Board
B27: RD8 | C27: NHS England East Of England | D27: Milton Keynes University Hospital NHS Foundation Trust | E27: 9420 | F27: 0 | G27: 6789 | H27: 16209 | I27: 4770 | J27: 0 | K27: 6611 | L27: 11381 | M27: 4650 | N27: 0 | O27: 178 | P27: 4828 | Q27: 0.70214079 | R27: 0.50636943 | S27: - | T27: 0.97378112 | U27: 2624 | V27: 0 | W27: 0 | X27: 2624 | Y27: 424 | Z27: 3048 | AA27: 1105 | AB27: 2 | AC27: NHS Central East Integrated Care Board
B28: RM1 | C28: NHS England East Of England | D28: Norfolk And Norwich University Hospitals NHS Foundation Trust | E28: 13687 | F28: 0 | G28: 8042 | H28: 21729 | I28: 9311 | J28: 0 | K28: 8035 | L28: 17346 | M28: 4376 | N28: 0 | O28: 7 | P28: 4383 | Q28: 0.798288 | R28: 0.68028056 | S28: - | T28: 0.99912957 | U28: 2331 | V28: 0 | W28: 0 | X28: 2331 | Y28: 1562 | Z28: 3893 | AA28: 1052 | AB28: 287 | AC28: NHS Norfolk and Suffolk Integrated Care Board
B29: RGN | C29: NHS England East Of England | D29: North West Anglia NHS Foundation Trust | E29: 17985 | F29: 0 | G29: 3887 | H29: 21872 | I29: 10986 | J29: 0 | K29: 3617 | L29: 14603 | M29: 6999 | N29: 0 | O29: 270 | P29: 7269 | Q29: 0.66765728 | R29: 0.61084237 | S29: - | T29: 0.93053769 | U29: 4078 | V29: 0 | W29: 30 | X29: 4108 | Y29: 1434 | Z29: 5542 | AA29: 1238 | AB29: 705 | AC29: NHS Central East Integrated Care Board
B30: Y02428 | C30: NHS England East Of England | D30: Putnoe Walk In Centre | E30: 0 | F30: 0 | G30: 2335 | H30: 2335 | I30: 0 | J30: 0 | K30: 2335 | L30: 2335 | M30: 0 | N30: 0 | O30: 0 | P30: 0 | Q30: 1 | R30: - | S30: - | T30: 1 | U30: 0 | V30: 0 | W30: 0 | X30: 0 | Y30: 0 | Z30: 0 | AA30: 0 | AB30: 0 | AC30: NHS Central East Integrated Care Board
B31: RQW | C31: NHS England East Of England | D31: The Princess Alexandra Hospital NHS Trust | E31: 9234 | F31: 0 | G31: 2565 | H31: 11799 | I31: 6590 | J31: 0 | K31: 2565 | L31: 9155 | M31: 2644 | N31: 0 | O31: 0 | P31: 2644 | Q31: 0.77591321 | R31: 0.71366688 | S31: - | T31: 1 | U31: 1698 | V31: 0 | W31: 0 | X31: 1698 | Y31: 460 | Z31: 2158 | AA31: 847 | AB31: 328 | AC31: NHS Essex Integrated Care Board
B32: RCX | C32: NHS England East Of England | D32: The Queen Elizabeth Hospital, King's Lynn, NHS Foundation Trust | E32: 6636 | F32: 0 | G32: 1297 | H32: 7933 | I32: 3844 | J32: 0 | K32: 1297 | L32: 5141 | M32: 2792 | N32: 0 | O32: 0 | P32: 2792 | Q32: 0.64805244 | R32: 0.57926462 | S32: - | T32: 1 | U32: 1753 | V32: 0 | W32: 0 | X32: 1753 | Y32: 393 | Z32: 2146 | AA32: 942 | AB32: 154 | AC32: NHS Norfolk and Suffolk Integrated Care Board
B33: RWG | C33: NHS England East Of England | D33: West Hertfordshire Teaching Hospitals NHS Trust | E33: 8453 | F33: 0 | G33: 9787 | H33: 18240 | I33: 6176 | J33: 0 | K33: 9733 | L33: 15909 | M33: 2277 | N33: 0 | O33: 54 | P33: 2331 | Q33: 0.87220395 | R33: 0.73062818 | S33: - | T33: 0.99448248 | U33: 5325 | V33: 0 | W33: 0 | X33: 5325 | Y33: 524 | Z33: 5849 | AA33: 753 | AB33: 15 | AC33: NHS Central East Integrated Care Board
B34: RGR | C34: NHS England East Of England | D34: West Suffolk NHS Foundation Trust | E34: 8324 | F34: 0 | G34: 940 | H34: 9264 | I34: 6633 | J34: 0 | K34: 940 | L34: 7573 | M34: 1691 | N34: 0 | O34: 0 | P34: 1691 | Q34: 0.81746546 | R34: 0.79685247 | S34: - | T34: 1 | U34: 1940 | V34: 0 | W34: 0 | X34: 1940 | Y34: 278 | Z34: 2218 | AA34: 486 | AB34: 149 | AC34: NHS Norfolk and Suffolk Integrated Care Board
B35: G0Q0L | C35: NHS England London | D35: Barking Hospital Utc | E35: 0 | F35: 0 | G35: 2883 | H35: 2883 | I35: 0 | J35: 0 | K35: 2851 | L35: 2851 | M35: 0 | N35: 0 | O35: 32 | P35: 32 | Q35: 0.98890045 | R35: - | S35: - | T35: 0.98890045 | U35: 0 | V35: 0 | W35: 0 | X35: 0 | Y35: 0 | Z35: 0 | AA35: 0 | AB35: 0 | AC35: NHS North East London Integrated Care Board
B36: RF4 | C36: NHS England London | D36: Barking, Havering And Redbridge University Hospitals NHS Trust | E36: 14321 | F36: 2471 | G36: 16018 | H36: 32810 | I36: 9013 | J36: 2212 | K36: 15578 | L36: 26803 | M36: 5308 | N36: 259 | O36: 440 | P36: 6007 | Q36: 0.81691557 | R36: 0.62935549 | S36: 0.89518414 | T36: 0.9725309 | U36: 3593 | V36: 0 | W36: 0 | X36: 3593 | Y36: 2526 | Z36: 6119 | AA36: 1064 | AB36: 568 | AC36: NHS North East London Integrated Care Board
B37: R1H | C37: NHS England London | D37: Barts Health NHS Trust | E37: 27253 | F37: 895 | G37: 18702 | H37: 46850 | I37: 16611 | J37: 894 | K37: 17167 | L37: 34672 | M37: 10642 | N37: 1 | O37: 1535 | P37: 12178 | Q37: 0.74006403 | R37: 0.60951088 | S37: 0.99888268 | T37: 0.91792322 | U37: 3992 | V37: 0 | W37: 24 | X37: 4016 | Y37: 1207 | Z37: 5223 | AA37: 2141 | AB37: 1208 | AC37: NHS North East London Integrated Care Board
B38: AD913 | C38: NHS England London | D38: Beckenham Beacon Ucc | E38: 0 | F38: 0 | G38: 3736 | H38: 3736 | I38: 0 | J38: 0 | K38: 3722 | L38: 3722 | M38: 0 | N38: 0 | O38: 14 | P38: 14 | Q38: 0.99625268 | R38: - | S38: - | T38: 0.99625268 | U38: 0 | V38: 0 | W38: 0 | X38: 0 | Y38: 0 | Z38: 0 | AA38: 0 | AB38: 0 | AC38: NHS South East London Integrated Care Board
B39: RYX | C39: NHS England London | D39: Central London Community Healthcare NHS Trust | E39: 0 | F39: 0 | G39: 14327 | H39: 14327 | I39: 0 | J39: 0 | K39: 13935 | L39: 13935 | M39: 0 | N39: 0 | O39: 392 | P39: 392 | Q39: 0.97263907 | R39: - | S39: - | T39: 0.97263907 | U39: 0 | V39: 0 | W39: 0 | X39: 0 | Y39: 0 | Z39: 0 | AA39: 0 | AB39: 0 | AC39: NHS West and North London Integrated Care Board
B40: RQM | C40: NHS England London | D40: Chelsea And Westminster Hospital NHS Foundation Trust | E40: 21929 | F40: 0 | G40: 6840 | H40: 28769 | I40: 15910 | J40: 0 | K40: 6520 | L40: 22430 | M40: 6019 | N40: 0 | O40: 320 | P40: 6339 | Q40: 0.77965866 | R40: 0.72552328 | S40: - | T40: 0.95321637 | U40: 2966 | V40: 0 | W40: 0 | X40: 2966 | Y40: 316 | Z40: 3282 | AA40: 973 | AB40: 44 | AC40: NHS West and North London Integrated Care Board
B41: RJ6 | C41: NHS England London | D41: Croydon Health Services NHS Trust | E41: 13804 | F41: 0 | G41: 4657 | H41: 18461 | I41: 8710 | J41: 0 | K41: 4657 | L41: 13367 | M41: 5094 | N41: 0 | O41: 0 | P41: 5094 | Q41: 0.72406695 | R41: 0.63097653 | S41: - | T41: 1 | U41: 1090 | V41: 0 | W41: 0 | X41: 1090 | Y41: 150 | Z41: 1240 | AA41: 927 | AB41: 626 | AC41: NHS South West London Integrated Care Board
B42: RVR | C42: NHS England London | D42: Epsom And St Helier University Hospitals NHS Trust | E42: 11638 | F42: 0 | G42: 2921 | H42: 14559 | I42: 7829 | J42: 0 | K42: 2485 | L42: 10314 | M42: 3809 | N42: 0 | O42: 436 | P42: 4245 | Q42: 0.70842778 | R42: 0.67271009 | S42: - | T42: 0.85073605 | U42: 2097 | V42: 0 | W42: 0 | X42: 2097 | Y42: 163 | Z42: 2260 | AA42: 1391 | AB42: 743 | AC42: NHS South West London Integrated Care Board
B43: RJ1 | C43: NHS England London | D43: Guy's And St Thomas' NHS Foundation Trust | E43: 11004 | F43: 0 | G43: 7279 | H43: 18283 | I43: 6731 | J43: 0 | K43: 7062 | L43: 13793 | M43: 4273 | N43: 0 | O43: 217 | P43: 4490 | Q43: 0.75441667 | R43: 0.61168666 | S43: - | T43: 0.97018821 | U43: 2076 | V43: 0 | W43: 0 | X43: 2076 | Y43: 342 | Z43: 2418 | AA43: 232 | AB43: 73 | AC43: NHS South East London Integrated Care Board
B44: K6K0R | C44: NHS England London | D44: Harold Wood Polyclinic Utc | E44: 0 | F44: 0 | G44: 2752 | H44: 2752 | I44: 0 | J44: 0 | K44: 2727 | L44: 2727 | M44: 0 | N44: 0 | O44: 25 | P44: 25 | Q44: 0.9909157 | R44: - | S44: - | T44: 0.9909157 | U44: 0 | V44: 0 | W44: 0 | X44: 0 | Y44: 0 | Z44: 0 | AA44: 0 | AB44: 0 | AC44: NHS North East London Integrated Care Board
B45: RQX | C45: NHS England London | D45: Homerton Healthcare NHS Foundation Trust | E45: 11472 | F45: 0 | G45: 0 | H45: 11472 | I45: 9004 | J45: 0 | K45: 0 | L45: 9004 | M45: 2468 | N45: 0 | O45: 0 | P45: 2468 | Q45: 0.7848675 | R45: 0.7848675 | S45: - | T45: - | U45: 1761 | V45: 0 | W45: 0 | X45: 1761 | Y45: 401 | Z45: 2162 | AA45: 224 | AB45: 25 | AC45: NHS North East London Integrated Care Board
B46: RYJ | C46: NHS England London | D46: Imperial College Healthcare NHS Trust | E46: 12877 | F46: 4284 | G46: 7902 | H46: 25063 | I46: 7374 | J46: 4003 | K46: 7538 | L46: 18915 | M46: 5503 | N46: 281 | O46: 364 | P46: 6148 | Q46: 0.75469816 | R46: 0.57264891 | S46: 0.9344071 | T46: 0.95393571 | U46: 3776 | V46: 0 | W46: 0 | X46: 3776 | Y46: 1001 | Z46: 4777 | AA46: 626 | AB46: 0 | AC46: NHS West and North London Integrated Care Board
B47: RJZ | C47: NHS England London | D47: King's College Hospital NHS Foundation Trust | E47: 16246 | F47: 0 | G47: 11134 | H47: 27380 | I47: 8415 | J47: 0 | K47: 10521 | L47: 18936 | M47: 7831 | N47: 0 | O47: 613 | P47: 8444 | Q47: 0.69159971 | R47: 0.51797366 | S47: - | T47: 0.94494342 | U47: 3566 | V47: 0 | W47: 0 | X47: 3566 | Y47: 317 | Z47: 3883 | AA47: 2350 | AB47: 692 | AC47: NHS South East London Integrated Care Board
B48: RAX | C48: NHS England London | D48: Kingston And Richmond NHS Foundation Trust | E48: 7544 | F48: 0 | G48: 8597 | H48: 16141 | I48: 3132 | J48: 0 | K48: 8064 | L48: 11196 | M48: 4412 | N48: 0 | O48: 533 | P48: 4945 | Q48: 0.69363732 | R48: 0.41516437 | S48: - | T48: 0.93800163 | U48: 2569 | V48: 0 | W48: 171 | X48: 2740 | Y48: 654 | Z48: 3394 | AA48: 742 | AB48: 516 | AC48: NHS South West London Integrated Care Board
B49: RJ2 | C49: NHS England London | D49: Lewisham And Greenwich NHS Trust | E49: 16492 | F49: 0 | G49: 17231 | H49: 33723 | I49: 7265 | J49: 0 | K49: 16716 | L49: 23981 | M49: 9227 | N49: 0 | O49: 515 | P49: 9742 | Q49: 0.71111704 | R49: 0.44051661 | S49: - | T49: 0.97011201 | U49: 4635 | V49: 0 | W49: 0 | X49: 4635 | Y49: 584 | Z49: 5219 | AA49: 1900 | AB49: 713 | AC49: NHS South East London Integrated Care Board
B50: R1K | C50: NHS England London | D50: London North West University Healthcare NHS Trust | E50: 15095 | F50: 0 | G50: 16071 | H50: 31166 | I50: 7689 | J50: 0 | K50: 15816 | L50: 23505 | M50: 7406 | N50: 0 | O50: 255 | P50: 7661 | Q50: 0.75418726 | R50: 0.50937396 | S50: - | T50: 0.98413291 | U50: 6118 | V50: 0 | W50: 0 | X50: 6118 | Y50: 174 | Z50: 6292 | AA50: 1304 | AB50: 657 | AC50: NHS West and North London Integrated Care Board
B51: RP6 | C51: NHS England London | D51: Moorfields Eye Hospital NHS Foundation Trust | E51: 0 | F51: 6569 | G51: 0 | H51: 6569 | I51: 0 | J51: 6085 | K51: 0 | L51: 6085 | M51: 0 | N51: 484 | O51: 0 | P51: 484 | Q51: 0.9263206 | R51: - | S51: 0.9263206 | T51: - | U51: 0 | V51: 9 | W51: 0 | X51: 9 | Y51: 230 | Z51: 239 | AA51: 0 | AB51: 0 | AC51: NHS West and North London Integrated Care Board
B52: RAT | C52: NHS England London | D52: North East London NHS Foundation Trust | E52: 0 | F52: 0 | G52: 1626 | H52: 1626 | I52: 0 | J52: 0 | K52: 1598 | L52: 1598 | M52: 0 | N52: 0 | O52: 28 | P52: 28 | Q52: 0.98277983 | R52: - | S52: - | T52: 0.98277983 | U52: 0 | V52: 0 | W52: 0 | X52: 0 | Y52: 0 | Z52: 0 | AA52: 0 | AB52: 0 | AC52: NHS North East London Integrated Care Board
B53: RAL | C53: NHS England London | D53: Royal Free London NHS Foundation Trust | E53: 27627 | F53: 625 | G53: 16844 | H53: 45096 | I53: 19407 | J53: 624 | K53: 16090 | L53: 36121 | M53: 8220 | N53: 1 | O53: 754 | P53: 8975 | Q53: 0.80098013 | R53: 0.70246498 | S53: 0.9984 | T53: 0.95523629 | U53: 6577 | V53: 2 | W53: 131 | X53: 6710 | Y53: 769 | Z53: 7479 | AA53: 2899 | AB53: 2031 | AC53: NHS West and North London Integrated Care Board
B54: RAN | C54: NHS England London | D54: Royal National Orthopaedic Hospital NHS Trust | E54: 0 | F54: 0 | G54: 0 | H54: 0 | I54: 0 | J54: 0 | K54: 0 | L54: 0 | M54: 0 | N54: 0 | O54: 0 | P54: 0 | Q54: - | R54: - | S54: - | T54: - | U54: 0 | V54: 0 | W54: 0 | X54: 0 | Y54: 28 | Z54: 28 | AA54: 0 | AB54: 0 | AC54: NHS West and North London Integrated Care Board
B55: RJ7 | C55: NHS England London | D55: St George's University Hospitals NHS Foundation Trust | E55: 10006 | F55: 0 | G55: 4101 | H55: 14107 | I55: 7127 | J55: 0 | K55: 3907 | L55: 11034 | M55: 2879 | N55: 0 | O55: 194 | P55: 3073 | Q55: 0.78216488 | R55: 0.71227264 | S55: - | T55: 0.95269446 | U55: 1925 | V55: 0 | W55: 0 | X55: 1925 | Y55: 458 | Z55: 2383 | AA55: 645 | AB55: 287 | AC55: NHS South West London Integrated Care Board
B56: RAS | C56: NHS England London | D56: The Hillingdon Hospitals NHS Foundation Trust | E56: 5219 | F56: 0 | G56: 7405 | H56: 12624 | I56: 3001 | J56: 0 | K56: 7332 | L56: 10333 | M56: 2218 | N56: 0 | O56: 73 | P56: 2291 | Q56: 0.81852028 | R56: 0.57501437 | S56: - | T56: 0.9901418 | U56: 1828 | V56: 0 | W56: 0 | X56: 1828 | Y56: 86 | Z56: 1914 | AA56: 462 | AB56: 6 | AC56: NHS West and North London Integrated Care Board
B57: RRV | C57: NHS England London | D57: University College London Hospitals NHS Foundation Trust | E57: 14600 | F57: 0 | G57: 0 | H57: 14600 | I57: 10900 | J57: 0 | K57: 0 | L57: 10900 | M57: 3700 | N57: 0 | O57: 0 | P57: 3700 | Q57: 0.74657534 | R57: 0.74657534 | S57: - | T57: - | U57: 1418 | V57: 0 | W57: 0 | X57: 1418 | Y57: 328 | Z57: 1746 | AA57: 642 | AB57: 246 | AC57: NHS West and North London Integrated Care Board
B58: RKE | C58: NHS England London | D58: Whittington Health NHS Trust | E58: 9715 | F58: 0 | G58: 0 | H58: 9715 | I58: 7009 | J58: 0 | K58: 0 | L58: 7009 | M58: 2706 | N58: 0 | O58: 0 | P58: 2706 | Q58: 0.72146166 | R58: 0.72146166 | S58: - | T58: - | U58: 1321 | V58: 0 | W58: 0 | X58: 1321 | Y58: 41 | Z58: 1362 | AA58: 506 | AB58: 278 | AC58: NHS West and North London Integrated Care Board
B59: RQ3 | C59: NHS England Midlands | D59: Birmingham Women's And Children's NHS Foundation Trust | E59: 4840 | F59: 0 | G59: 897 | H59: 5737 | I59: 3592 | J59: 0 | K59: 897 | L59: 4489 | M59: 1248 | N59: 0 | O59: 0 | P59: 1248 | Q59: 0.7824647 | R59: 0.74214876 | S59: - | T59: 1 | U59: 628 | V59: 0 | W59: 0 | X59: 628 | Y59: 244 | Z59: 872 | AA59: 24 | AB59: 3 | AC59: NHS Birmingham And Solihull Integrated Care Board
B60: RFS | C60: NHS England Midlands | D60: Chesterfield Royal Hospital NHS Foundation Trust | E60: 6890 | F60: 0 | G60: 5220 | H60: 12110 | I60: 3540 | J60: 0 | K60: 5152 | L60: 8692 | M60: 3350 | N60: 0 | O60: 68 | P60: 3418 | Q60: 0.71775392 | R60: 0.5137881 | S60: - | T60: 0.98697318 | U60: 2027 | V60: 0 | W60: 22 | X60: 2049 | Y60: 129 | Z60: 2178 | AA60: 796 | AB60: 180 | AC60: NHS Derby And Derbyshire Integrated Care Board
B61: RYG | C61: NHS England Midlands | D61: Coventry And Warwickshire Partnership NHS Trust | E61: 0 | F61: 0 | G61: 0 | H61: 0 | I61: 0 | J61: 0 | K61: 0 | L61: 0 | M61: 0 | N61: 0 | O61: 0 | P61: 0 | Q61: - | R61: - | S61: - | T61: - | U61: 0 | V61: 0 | W61: 6 | X61: 6 | Y61: 34 | Z61: 40 | AA61: 0 | AB61: 0 | AC61: NHS Coventry And Warwickshire Integrated Care Board
B62: RY8 | C62: NHS England Midlands | D62: Derbyshire Community Health Services NHS Foundation Trust | E62: 0 | F62: 0 | G62: 8152 | H62: 8152 | I62: 0 | J62: 0 | K62: 7666 | L62: 7666 | M62: 0 | N62: 0 | O62: 486 | P62: 486 | Q62: 0.94038273 | R62: - | S62: - | T62: 0.94038273 | U62: 0 | V62: 0 | W62: 0 | X62: 0 | Y62: 0 | Z62: 0 | AA62: 0 | AB62: 0 | AC62: NHS Derby And Derbyshire Integrated Care Board
B63: NNJ | C63: NHS England Midlands | D63: Dhu Health Care C.I.C | E63: 0 | F63: 0 | G63: 1908 | H63: 1908 | I63: 0 | J63: 0 | K63: 1907 | L63: 1907 | M63: 0 | N63: 0 | O63: 1 | P63: 1 | Q63: 0.99947589 | R63: - | S63: - | T63: 0.99947589 | U63: 0 | V63: 0 | W63: 0 | X63: 0 | Y63: 0 | Z63: 0 | AA63: 0 | AB63: 0 | AC63: NHS Derby And Derbyshire Integrated Care Board
B64: NNJ10 | C64: NHS England Midlands | D64: Enderby Leisure Centre | E64: 0 | F64: 0 | G64: 317 | H64: 317 | I64: 0 | J64: 0 | K64: 317 | L64: 317 | M64: 0 | N64: 0 | O64: 0 | P64: 0 | Q64: 1 | R64: - | S64: - | T64: 1 | U64: 0 | V64: 0 | W64: 0 | X64: 0 | Y64: 0 | Z64: 0 | AA64: 0 | AB64: 0 | AC64: NHS Leicester, Leicestershire And Rutland Integrated Care Board
B65: RLT | C65: NHS England Midlands | D65: George Eliot Hospital NHS Trust | E65: 7779 | F65: 0 | G65: 1653 | H65: 9432 | I65: 6527 | J65: 0 | K65: 1653 | L65: 8180 | M65: 1252 | N65: 0 | O65: 0 | P65: 1252 | Q65: 0.86726039 | R65: 0.83905386 | S65: - | T65: 1 | U65: 1106 | V65: 0 | W65: 1 | X65: 1107 | Y65: 0 | Z65: 1107 | AA65: 707 | AB65: 354 | AC65: NHS Coventry And Warwickshire Integrated Care Board
B66: RNQ | C66: NHS England Midlands | D66: Kettering General Hospital NHS Foundation Trust | E66: 11028 | F66: 0 | G66: 8976 | H66: 20004 | I66: 6689 | J66: 0 | K66: 8955 | L66: 15644 | M66: 4339 | N66: 0 | O66: 21 | P66: 4360 | Q66: 0.78204359 | R66: 0.60654697 | S66: - | T66: 0.99766043 | U66: 1943 | V66: 0 | W66: 0 | X66: 1943 | Y66: 248 | Z66: 2191 | AA66: 1262 | AB66: 743 | AC66: NHS Northamptonshire Integrated Care Board
B67: C82038 | C67: NHS England Midlands | D67: Latham House Medical Practice | E67: 0 | F67: 0 | G67: 384 | H67: 384 | I67: 0 | J67: 0 | K67: 384 | L67: 384 | M67: 0 | N67: 0 | O67: 0 | P67: 0 | Q67: 1 | R67: - | S67: - | T67: 1 | U67: 0 | V67: 0 | W67: 0 | X67: 0 | Y67: 0 | Z67: 0 | AA67: 0 | AB67: 0 | AC67: NHS Leicester, Leicestershire And Rutland Integrated Care Board
B68: RY5 | C68: NHS England Midlands | D68: Lincolnshire Community Health Services NHS Trust | E68: 0 | F68: 0 | G68: 9745 | H68: 9745 | I68: 0 | J68: 0 | K68: 9507 | L68: 9507 | M68: 0 | N68: 0 | O68: 238 | P68: 238 | Q68: 0.97557722 | R68: - | S68: - | T68: 0.97557722 | U68: 0 | V68: 0 | W68: 0 | X68: 0 | Y68: 0 | Z68: 0 | AA68: 0 | AB68: 0 | AC68: NHS Lincolnshire Integrated Care Board
B69: NNJ0H | C69: NHS England Midlands | D69: Llr Ea - The Merlyn Vaz Health & Social Care Centre | E69: 0 | F69: 0 | G69: 2676 | H69: 2676 | I69: 0 | J69: 0 | K69: 2676 | L69: 2676 | M69: 0 | N69: 0 | O69: 0 | P69: 0 | Q69: 1 | R69: - | S69: - | T69: 1 | U69: 0 | V69: 0 | W69: 0 | X69: 0 | Y69: 0 | Z69: 0 | AA69: 0 | AB69: 0 | AC69: NHS Leicester, Leicestershire And Rutland Integrated Care Board
B70: NNJ07 | C70: NHS England Midlands | D70: Loughborough Urgent Care Centre | E70: 0 | F70: 0 | G70: 7847 | H70: 7847 | I70: 0 | J70: 0 | K70: 7795 | L70: 7795 | M70: 0 | N70: 0 | O70: 52 | P70: 52 | Q70: 0.99337326 | R70: - | S70: - | T70: 0.99337326 | U70: 0 | V70: 0 | W70: 0 | X70: 0 | Y70: 0 | Z70: 0 | AA70: 0 | AB70: 0 | AC70: NHS Leicester, Leicestershire And Rutland Integrated Care Board
B71: NNJ11 | C71: NHS England Midlands | D71: Lutterworth Hospital | E71: 0 | F71: 0 | G71: 139 | H71: 139 | I71: 0 | J71: 0 | K71: 139 | L71: 139 | M71: 0 | N71: 0 | O71: 0 | P71: 0 | Q71: 1 | R71: - | S71: - | T71: 1 | U71: 0 | V71: 0 | W71: 0 | X71: 0 | Y71: 0 | Z71: 0 | AA71: 0 | AB71: 0 | AC71: NHS Leicester, Leicestershire And Rutland Integrated Care Board
B72: NNJ12 | C72: NHS England Midlands | D72: Market Harborough | E72: 0 | F72: 0 | G72: 298 | H72: 298 | I72: 0 | J72: 0 | K72: 298 | L72: 298 | M72: 0 | N72: 0 | O72: 0 | P72: 0 | Q72: 1 | R72: - | S72: - | T72: 1 | U72: 0 | V72: 0 | W72: 0 | X72: 0 | Y72: 0 | Z72: 0 | AA72: 0 | AB72: 0 | AC72: NHS Leicester, Leicestershire And Rutland Integrated Care Board
B73: C82009 | C73: NHS England Midlands | D73: Market Harborough Med.Ctr | E73: 0 | F73: 0 | G73: 323 | H73: 323 | I73: 0 | J73: 0 | K73: 323 | L73: 323 | M73: 0 | N73: 0 | O73: 0 | P73: 0 | Q73: 1 | R73: - | S73: - | T73: 1 | U73: 0 | V73: 0 | W73: 0 | X73: 0 | Y73: 0 | Z73: 0 | AA73: 0 | AB73: 0 | AC73: NHS Leicester, Leicestershire And Rutland Integrated Care Board
B74: NNJ13 | C74: NHS England Midlands | D74: Melton Mowbray | E74: 0 | F74: 0 | G74: 408 | H74: 408 | I74: 0 | J74: 0 | K74: 408 | L74: 408 | M74: 0 | N74: 0 | O74: 0 | P74: 0 | Q74: 1 | R74: - | S74: - | T74: 1 | U74: 0 | V74: 0 | W74: 0 | X74: 0 | Y74: 0 | Z74: 0 | AA74: 0 | AB74: 0 | AC74: NHS Leicester, Leicestershire And Rutland Integrated Care Board
B75: RNS | C75: NHS England Midlands | D75: Northampton General Hospital NHS Trust | E75: 9611 | F75: 654 | G75: 3988 | H75: 14253 | I75: 5348 | J75: 629 | K75: 3908 | L75: 9885 | M75: 4263 | N75: 25 | O75: 80 | P75: 4368 | Q75: 0.6935382 | R75: 0.55644574 | S75: 0.9617737 | T75: 0.97993982 | U75: 2433 | V75: 0 | W75: 0 | X75: 2433 | Y75: 311 | Z75: 2744 | AA75: 1301 | AB75: 821 | AC75: NHS Northamptonshire Integrated Care Board
B76: RX1 | C76: NHS England Midlands | D76: Nottingham University Hospitals NHS Trust | E76: 13656 | F76: 2016 | G76: 12127 | H76: 27799 | I76: 6086 | J76: 1933 | K76: 10392 | L76: 18411 | M76: 7570 | N76: 83 | O76: 1735 | P76: 9388 | Q76: 0.66229001 | R76: 0.44566491 | S76: 0.95882937 | T76: 0.85693082 | U76: 3760 | V76: 0 | W76: 1292 | X76: 5052 | Y76: 4052 | Z76: 9104 | AA76: 1162 | AB76: 979 | AC76: NHS Nottingham And Nottinghamshire Integrated Care Board
B77: NNJ14 | C77: NHS England Midlands | D77: Oadby | E77: 0 | F77: 0 | G77: 3835 | H77: 3835 | I77: 0 | J77: 0 | K77: 3834 | L77: 3834 | M77: 0 | N77: 0 | O77: 1 | P77: 1 | Q77: 0.99973924 | R77: - | S77: - | T77: 0.99973924 | U77: 0 | V77: 0 | W77: 0 | X77: 0 | Y77: 0 | Z77: 0 | AA77: 0 | AB77: 0 | AC77: NHS Leicester, Leicestershire And Rutland Integrated Care Board
B78: NNJ15 | C78: NHS England Midlands | D78: Rutland Minor Illness And Injury Service (Formerly Wlhh Pre-April 2026) | E78: 0 | F78: 0 | G78: 623 | H78: 623 | I78: 0 | J78: 0 | K78: 623 | L78: 623 | M78: 0 | N78: 0 | O78: 0 | P78: 0 | Q78: 1 | R78: - | S78: - | T78: 1 | U78: 0 | V78: 0 | W78: 0 | X78: 0 | Y78: 0 | Z78: 0 | AA78: 0 | AB78: 0 | AC78: NHS Leicester, Leicestershire And Rutland Integrated Care Board
B79: RXK | C79: NHS England Midlands | D79: Sandwell And West Birmingham Hospitals NHS Trust | E79: 12136 | F79: 1281 | G79: 8369 | H79: 21786 | I79: 6916 | J79: 1024 | K79: 8284 | L79: 16224 | M79: 5220 | N79: 257 | O79: 85 | P79: 5562 | Q79: 0.74469843 | R79: 0.56987475 | S79: 0.79937549 | T79: 0.98984347 | U79: 2597 | V79: 0 | W79: 12 | X79: 2609 | Y79: 67 | Z79: 2676 | AA79: 1057 | AB79: 221 | AC79: NHS Black Country Integrated Care Board
B80: RK5 | C80: NHS England Midlands | D80: Sherwood Forest Hospitals NHS Foundation Trust | E80: 11265 | F80: 0 | G80: 5917 | H80: 17182 | I80: 7732 | J80: 0 | K80: 5047 | L80: 12779 | M80: 3533 | N80: 0 | O80: 870 | P80: 4403 | Q80: 0.74374345 | R80: 0.68637372 | S80: - | T80: 0.85296603 | U80: 3859 | V80: 0 | W80: 0 | X80: 3859 | Y80: 289 | Z80: 4148 | AA80: 724 | AB80: 179 | AC80: NHS Nottingham And Nottinghamshire Integrated Care Board
B81: R1D | C81: NHS England Midlands | D81: Shropshire Community Health NHS Trust | E81: 0 | F81: 0 | G81: 3616 | H81: 3616 | I81: 0 | J81: 0 | K81: 3601 | L81: 3601 | M81: 0 | N81: 0 | O81: 15 | P81: 15 | Q81: 0.99585177 | R81: - | S81: - | T81: 0.99585177 | U81: 0 | V81: 0 | W81: 0 | X81: 0 | Y81: 0 | Z81: 0 | AA81: 0 | AB81: 0 | AC81: NHS Shropshire, Telford And Wrekin Integrated Care Board
B82: C83023 | C82: NHS England Midlands | D82: Sleaford Medical Group | E82: 0 | F82: 0 | G82: 462 | H82: 462 | I82: 0 | J82: 0 | K82: 462 | L82: 462 | M82: 0 | N82: 0 | O82: 0 | P82: 0 | Q82: 1 | R82: - | S82: - | T82: 1 | U82: 0 | V82: 0 | W82: 0 | X82: 0 | Y82: 1 | Z82: 1 | AA82: 0 | AB82: 0 | AC82: NHS Lincolnshire Integrated Care Board
B83: RJC | C83: NHS England Midlands | D83: South Warwickshire University NHS Foundation Trust | E83: 8510 | F83: 0 | G83: 543 | H83: 9053 | I83: 5738 | J83: 0 | K83: 543 | L83: 6281 | M83: 2772 | N83: 0 | O83: 0 | P83: 2772 | Q83: 0.69380316 | R83: 0.67426557 | S83: - | T83: 1 | U83: 1638 | V83: 0 | W83: 0 | X83: 1638 | Y83: 572 | Z83: 2210 | AA83: 644 | AB83: 190 | AC83: NHS Coventry And Warwickshire Integrated Care Board
B84: RNA | C84: NHS England Midlands | D84: The Dudley Group NHS Foundation Trust | E84: 10834 | F84: 0 | G84: 4331 | H84: 15165 | I84: 7938 | J84: 0 | K84: 4239 | L84: 12177 | M84: 2896 | N84: 0 | O84: 92 | P84: 2988 | Q84: 0.80296736 | R84: 0.73269337 | S84: - | T84: 0.97875779 | U84: 3484 | V84: 0 | W84: 0 | X84: 3484 | Y84: 2574 | Z84: 6058 | AA84: 1031 | AB84: 155 | AC84: NHS Black Country Integrated Care Board
B85: RL1 | C85: NHS England Midlands | D85: The Robert Jones And Agnes Hunt Orthopaedic Hospital NHS Foundation Trust | E85: 0 | F85: 0 | G85: 0 | H85: 0 | I85: 0 | J85: 0 | K85: 0 | L85: 0 | M85: 0 | N85: 0 | O85: 0 | P85: 0 | Q85: - | R85: - | S85: - | T85: - | U85: 0 | V85: 0 | W85: 0 | X85: 0 | Y85: 40 | Z85: 40 | AA85: 0 | AB85: 0 | AC85: NHS Shropshire, Telford And Wrekin Integrated Care Board
B86: RL4 | C86: NHS England Midlands | D86: The Royal Wolverhampton NHS Trust | E86: 11706 | F86: 1633 | G86: 7582 | H86: 20921 | I86: 7762 | J86: 1588 | K86: 7384 | L86: 16734 | M86: 3944 | N86: 45 | O86: 198 | P86: 4187 | Q86: 0.79986616 | R86: 0.66307876 | S86: 0.97244336 | T86: 0.97388552 | U86: 6544 | V86: 0 | W86: 58 | X86: 6602 | Y86: 810 | Z86: 7412 | AA86: 1342 | AB86: 506 | AC86: NHS Black Country Integrated Care Board
B87: RXW | C87: NHS England Midlands | D87: The Shrewsbury And Telford Hospital NHS Trust | E87: 11747 | F87: 0 | G87: 2588 | H87: 14335 | I87: 5069 | J87: 0 | K87: 2242 | L87: 7311 | M87: 6678 | N87: 0 | O87: 346 | P87: 7024 | Q87: 0.51001046 | R87: 0.43151443 | S87: - | T87: 0.86630603 | U87: 3708 | V87: 0 | W87: 209 | X87: 3917 | Y87: 2094 | Z87: 6011 | AA87: 1912 | AB87: 1373 | AC87: NHS Shropshire, Telford And Wrekin Integrated Care Board
B88: RWD | C88: NHS England Midlands | D88: United Lincolnshire Teaching Hospitals NHS Trust | E88: 17584 | F88: 0 | G88: 4440 | H88: 22024 | I88: 11191 | J88: 0 | K88: 3955 | L88: 15146 | M88: 6393 | N88: 0 | O88: 485 | P88: 6878 | Q88: 0.68770432 | R88: 0.63643085 | S88: - | T88: 0.89076577 | U88: 4773 | V88: 0 | W88: 0 | X88: 4773 | Y88: 1211 | Z88: 5984 | AA88: 1975 | AB88: 1347 | AC88: NHS Lincolnshire Integrated Care Board
B89: RRK | C89: NHS England Midlands | D89: University Hospitals Birmingham NHS Foundation Trust | E89: 34437 | F89: 407 | G89: 12659 | H89: 47503 | I89: 19748 | J89: 407 | K89: 12600 | L89: 32755 | M89: 14689 | N89: 0 | O89: 59 | P89: 14748 | Q89: 0.6895354 | R89: 0.57345297 | S89: 1 | T89: 0.99533928 | U89: 10284 | V89: 0 | W89: 0 | X89: 10284 | Y89: 8515 | Z89: 18799 | AA89: 3771 | AB89: 2085 | AC89: NHS Birmingham And Solihull Integrated Care Board
B90: RKB | C90: NHS England Midlands | D90: University Hospitals Coventry And Warwickshire NHS Trust | E90: 13154 | F90: 2778 | G90: 5874 | H90: 21806 | I90: 7987 | J90: 2691 | K90: 5751 | L90: 16429 | M90: 5167 | N90: 87 | O90: 123 | P90: 5377 | Q90: 0.75341649 | R90: 0.60719173 | S90: 0.96868251 | T90: 0.97906027 | U90: 1375 | V90: 44 | W90: 54 | X90: 1473 | Y90: 377 | Z90: 1850 | AA90: 72 | AB90: 18 | AC90: NHS Coventry And Warwickshire Integrated Care Board
B91: RTG | C91: NHS England Midlands | D91: University Hospitals Of Derby And Burton NHS Foundation Trust | E91: 22823 | F91: 0 | G91: 9614 | H91: 32437 | I91: 12301 | J91: 0 | K91: 9603 | L91: 21904 | M91: 10522 | N91: 0 | O91: 11 | P91: 10533 | Q91: 0.67527823 | R91: 0.53897384 | S91: - | T91: 0.99885584 | U91: 3946 | V91: 0 | W91: 0 | X91: 3946 | Y91: 2773 | Z91: 6719 | AA91: 1802 | AB91: 794 | AC91: NHS Derby And Derbyshire Integrated Care Board
B92: RWE | C92: NHS England Midlands | D92: University Hospitals Of Leicester NHS Trust | E92: 24152 | F92: 2198 | G92: 0 | H92: 26350 | I92: 14347 | J92: 2012 | K92: 0 | L92: 16359 | M92: 9805 | N92: 186 | O92: 0 | P92: 9991 | Q92: 0.62083491 | R92: 0.59402948 | S92: 0.91537762 | T92: - | U92: 6766 | V92: 5 | W92: 0 | X92: 6771 | Y92: 3841 | Z92: 10612 | AA92: 1639 | AB92: 499 | AC92: NHS Leicester, Leicestershire And Rutland Integrated Care Board
B93: RJE | C93: NHS England Midlands | D93: University Hospitals Of North Midlands NHS Trust | E93: 15769 | F93: 540 | G93: 9723 | H93: 26032 | I93: 7131 | J93: 540 | K93: 9520 | L93: 17191 | M93: 8638 | N93: 0 | O93: 203 | P93: 8841 | Q93: 0.66037953 | R93: 0.45221637 | S93: 1 | T93: 0.97912167 | U93: 4724 | V93: 0 | W93: 0 | X93: 4724 | Y93: 1167 | Z93: 5891 | AA93: 1772 | AB93: 640 | AC93: NHS Staffordshire And Stoke-On-Trent Integrated Care Board
B94: RBK | C94: NHS England Midlands | D94: Walsall Healthcare NHS Trust | E94: 10508 | F94: 0 | G94: 4324 | H94: 14832 | I94: 7019 | J94: 0 | K94: 4149 | L94: 11168 | M94: 3489 | N94: 0 | O94: 175 | P94: 3664 | Q94: 0.75296656 | R94: 0.66796726 | S94: - | T94: 0.95952821 | U94: 4515 | V94: 0 | W94: 0 | X94: 4515 | Y94: 860 | Z94: 5375 | AA94: 1610 | AB94: 339 | AC94: NHS Black Country Integrated Care Board
B95: RWP | C95: NHS England Midlands | D95: Worcestershire Acute Hospitals NHS Trust | E95: 14684 | F95: 0 | G95: 6398 | H95: 21082 | I95: 7755 | J95: 0 | K95: 6264 | L95: 14019 | M95: 6929 | N95: 0 | O95: 134 | P95: 7063 | Q95: 0.66497486 | R95: 0.52812585 | S95: - | T95: 0.97905595 | U95: 3204 | V95: 0 | W95: 0 | X95: 3204 | Y95: 802 | Z95: 4006 | AA95: 1819 | AB95: 1062 | AC95: NHS Herefordshire And Worcestershire Integrated Care Board
B96: RLQ | C96: NHS England Midlands | D96: Wye Valley NHS Trust | E96: 6436 | F96: 976 | G96: 148 | H96: 7560 | I96: 3811 | J96: 976 | K96: 148 | L96: 4935 | M96: 2625 | N96: 0 | O96: 0 | P96: 2625 | Q96: 0.65277778 | R96: 0.59213797 | S96: 1 | T96: 1 | U96: 1423 | V96: 0 | W96: 0 | X96: 1423 | Y96: 178 | Z96: 1601 | AA96: 583 | AB96: 135 | AC96: NHS Herefordshire And Worcestershire Integrated Care Board
B97: RCF | C97: NHS England North East And Yorkshire | D97: Airedale NHS Foundation Trust | E97: 6549 | F97: 278 | G97: 0 | H97: 6827 | I97: 3945 | J97: 278 | K97: 0 | L97: 4223 | M97: 2604 | N97: 0 | O97: 0 | P97: 2604 | Q97: 0.61857331 | R97: 0.60238204 | S97: 1 | T97: - | U97: 1511 | V97: 0 | W97: 0 | X97: 1511 | Y97: 487 | Z97: 1998 | AA97: 570 | AB97: 181 | AC97: NHS West Yorkshire Integrated Care Board
B98: RFF | C98: NHS England North East And Yorkshire | D98: Barnsley Hospital NHS Foundation Trust | E98: 10098 | F98: 0 | G98: 0 | H98: 10098 | I98: 7197 | J98: 0 | K98: 0 | L98: 7197 | M98: 2901 | N98: 0 | O98: 0 | P98: 2901 | Q98: 0.71271539 | R98: 0.71271539 | S98: - | T98: - | U98: 3464 | V98: 0 | W98: 0 | X98: 3464 | Y98: 485 | Z98: 3949 | AA98: 739 | AB98: 109 | AC98: NHS South Yorkshire Integrated Care Board
B99: RAE | C99: NHS England North East And Yorkshire | D99: Bradford Teaching Hospitals NHS Foundation Trust | E99: 9332 | F99: 861 | G99: 3753 | H99: 13946 | I99: 6849 | J99: 861 | K99: 3745 | L99: 11455 | M99: 2483 | N99: 0 | O99: 8 | P99: 2491 | Q99: 0.82138248 | R99: 0.73392628 | S99: 1 | T99: 0.99786837 | U99: 2582 | V99: 0 | W99: 8 | X99: 2590 | Y99: 1210 | Z99: 3800 | AA99: 848 | AB99: 215 | AC99: NHS West Yorkshire Integrated Care Board
B100: NNF09 | C100: NHS England North East And Yorkshire | D100: Bransholme Health Centre | E100: 0 | F100: 0 | G100: 3624 | H100: 3624 | I100: 0 | J100: 0 | K100: 3142 | L100: 3142 | M100: 0 | N100: 0 | O100: 482 | P100: 482 | Q100: 0.86699779 | R100: - | S100: - | T100: 0.86699779 | U100: 0 | V100: 0 | W100: 0 | X100: 0 | Y100: 0 | Z100: 0 | AA100: 0 | AB100: 0 | AC100: NHS Humber And North Yorkshire Integrated Care Board
B101: NNF16 | C101: NHS England North East And Yorkshire | D101: Bridlington Hospital | E101: 0 | F101: 0 | G101: 1478 | H101: 1478 | I101: 0 | J101: 0 | K101: 1396 | L101: 1396 | M101: 0 | N101: 0 | O101: 82 | P101: 82 | Q101: 0.94451962 | R101: - | S101: - | T101: 0.94451962 | U101: 0 | V101: 0 | W101: 0 | X101: 0 | Y101: 0 | Z101: 0 | AA101: 0 | AB101: 0 | AC101: NHS Humber And North Yorkshire Integrated Care Board
B102: RWY | C102: NHS England North East And Yorkshire | D102: Calderdale And Huddersfield NHS Foundation Trust | E102: 16465 | F102: 0 | G102: 0 | H102: 16465 | I102: 14048 | J102: 0 | K102: 0 | L102: 14048 | M102: 2417 | N102: 0 | O102: 0 | P102: 2417 | Q102: 0.85320377 | R102: 0.85320377 | S102: - | T102: - | U102: 2876 | V102: 0 | W102: 0 | X102: 2876 | Y102: 200 | Z102: 3076 | AA102: 1127 | AB102: 41 | AC102: NHS West Yorkshire Integrated Care Board
B103: RXP | C103: NHS England North East And Yorkshire | D103: County Durham And Darlington NHS Foundation Trust | E103: 12901 | F103: 0 | G103: 10457 | H103: 23358 | I103: 7588 | J103: 0 | K103: 10457 | L103: 18045 | M103: 5313 | N103: 0 | O103: 0 | P103: 5313 | Q103: 0.77254046 | R103: 0.58817146 | S103: - | T103: 1 | U103: 4072 | V103: 0 | W103: 0 | X103: 4072 | Y103: 838 | Z103: 4910 | AA103: 1849 | AB103: 52 | AC103: NHS North East And North Cumbria Integrated Care Board
B104: RP5 | C104: NHS England North East And Yorkshire | D104: Doncaster And Bassetlaw Teaching Hospitals NHS Foundation Trust | E104: 14439 | F104: 0 | G104: 4120 | H104: 18559 | I104: 9492 | J104: 0 | K104: 4111 | L104: 13603 | M104: 4947 | N104: 0 | O104: 9 | P104: 4956 | Q104: 0.73295975 | R104: 0.65738625 | S104: - | T104: 0.99781553 | U104: 3970 | V104: 0 | W104: 341 | X104: 4311 | Y104: 849 | Z104: 5160 | AA104: 1748 | AB104: 376 | AC104: NHS South Yorkshire Integrated Care Board
...

Sheet Pivot_Kent
A1: ICB | B1: NHS Kent And Medway Integrated Care Board
B3: Data
A4: Provider | B4: Sum of T1_Att | C4: Sum of T1_WithIn4 | D4: Sum of Total_Att | E4: Sum of Total _WithIn4 | F4: Sum of Type1_pct | G4: Sum of All_pct
A5: Dartford And Gravesham NHS Trust | B5: 12375 | C5: 9198 | D5: 16496 | E5: 13221 | F5: 0.74327273 | G5: 0.80146702
A6: Maidstone And Tunbridge Wells NHS Trust | B6: 21697 | C6: 15826 | D6: 23409 | E6: 17537 | F6: 0.7294096 | G6: 0.74915631
A7: Medway NHS Foundation Trust | B7: 10582 | C7: 7375 | D7: 17283 | E7: 13060 | F7: 0.6969382 | G7: 0.75565585
A8: East Kent Hospitals University NHS Foundation Trust | B8: 13689 | C8: 6974 | D8: 26960 | E8: 19431 | F8: 0.50946015 | G8: 0.72073442
A9: Grand total covers the four providers with Type 1 departments only. | B9: 58343 | C9: 39373 | D9: 84148 | E9: 63249 | F9: 0.67485388 | G9: 0.75163997
A13: Provider | B13: Type 1 4-hour%
A14: Dartford and Gravesham | B14: 0.74327273
A15: Maidstone and Tunbridge Wells (MTW) | B15: 0.7294096
A16: Medway | B16: 0.6969382
A17: East Kent | B17: 0.50946015
A60: Conclusion
A61: 1. Maidstone and Tunbridge Wells NHS Trust (MTW) saw 72.9% of Type 1 A&E attendances within four hours in September 2026.
A62: 2. That put MTW second of the four Kent and Medway acute trusts, behind Dartford and Gravesham (74.3%) and ahead of Medway (69.7%) and East Kent (50.9%).
A63: 3. It is worthy of note that this is a single month and covers Type 1 departments only, so it shows a snapshot, not a trend.
A65: Source: NHS England, Monthly A&E Attendances and Emergency Admissions, September 2026 (published 8 October 2026).

Sheet AE_Clean
A1: Code | B1: Region | C1: Provider | D1: T1_Att | E1: T2_Att | F1: T3_Att | G1: Total_Att | H1: T1_WithIn4 | I1: T2_WithIn4 | J1: T3_WithIn4 | K1: Total _WithIn4 | L1: AllTypes_4hr_pct | M1: Type1_4hr_pct | N1: ICB
A2: RC9 | B2: NHS England East Of England | C2: Bedfordshire Hospitals NHS Foundation Trust | D2: 18509 | E2: 0 | F2: 8667 | G2: 27176 | H2: 11566 | I2: 0 | J2: 8667 | K2: 20233 | L2: =IFERROR(K2/G2, "Missing Data") -> 0.74451722 | M2: =IFERROR(IF(D2=0,"",H2/D2), "Missing Data") -> 0.62488519 | N2: =_xlfn.XLOOKUP(AE[[#This Row],[Code]], 'System Mapping'!$A:$A, 'System Mapping'!$D:$D, "Not Found") -> NHS Central East Integrated Care Board
A3: RGT | B3: NHS England East Of England | C3: Cambridge University Hospitals NHS Foundation Trust | D3: 12085 | E3: 0 | F3: 5862 | G3: 17947 | H3: 6528 | I3: 0 | J3: 5762 | K3: 12290 | L3: =IFERROR(K3/G3, "Missing Data") -> 0.68479412 | M3: =IFERROR(IF(D3=0,"",H3/D3), "Missing Data") -> 0.54017377 | N3: =_xlfn.XLOOKUP(AE[[#This Row],[Code]], 'System Mapping'!$A:$A, 'System Mapping'!$D:$D, "Not Found") -> NHS Central East Integrated Care Board
A4: RWH | B4: NHS England East Of England | C4: East And North Hertfordshire Teaching NHS Trust | D4: 9588 | E4: 0 | F4: 9229 | G4: 18817 | H4: 4512 | I4: 0 | J4: 9107 | K4: 13619 | L4: =IFERROR(K4/G4, "Missing Data") -> 0.72376043 | M4: =IFERROR(IF(D4=0,"",H4/D4), "Missing Data") -> 0.47058824 | N4: =_xlfn.XLOOKUP(AE[[#This Row],[Code]], 'System Mapping'!$A:$A, 'System Mapping'!$D:$D, "Not Found") -> NHS Central East Integrated Care Board
A5: RDE | B5: NHS England East Of England | C5: East Suffolk And North Essex NHS Foundation Trust | D5: 12846 | E5: 0 | F5: 12888 | G5: 25734 | H5: 7552 | I5: 0 | J5: 11936 | K5: 19488 | L5: =IFERROR(K5/G5, "Missing Data") -> 0.75728608 | M5: =IFERROR(IF(D5=0,"",H5/D5), "Missing Data") -> 0.58788728 | N5: =_xlfn.XLOOKUP(AE[[#This Row],[Code]], 'System Mapping'!$A:$A, 'System Mapping'!$D:$D, "Not Found") -> NHS Norfolk and Suffolk Integrated Care Board
A6: RY4 | B6: NHS England East Of England | C6: Hertfordshire Community NHS Trust | D6: 0 | E6: 0 | F6: 1195 | G6: 1195 | H6: 0 | I6: 0 | J6: 1129 | K6: 1129 | L6: =IFERROR(K6/G6, "Missing Data") -> 0.94476987 | M6: =IFERROR(IF(D6=0,"",H6/D6), "Missing Data") | N6: =_xlfn.XLOOKUP(AE[[#This Row],[Code]], 'System Mapping'!$A:$A, 'System Mapping'!$D:$D, "Not Found") -> NHS Central East Integrated Care Board
A7: DT301 | B7: NHS England East Of England | C7: Herts Urgent Care (Ascots Lane) | D7: 0 | E7: 0 | F7: 2328 | G7: 2328 | H7: 0 | I7: 0 | J7: 2208 | K7: 2208 | L7: =IFERROR(K7/G7, "Missing Data") -> 0.94845361 | M7: =IFERROR(IF(D7=0,"",H7/D7), "Missing Data") | N7: =_xlfn.XLOOKUP(AE[[#This Row],[Code]], 'System Mapping'!$A:$A, 'System Mapping'!$D:$D, "Not Found") -> NHS Central East Integrated Care Board
A8: RGP | B8: NHS England East Of England | C8: James Paget University Hospitals NHS Foundation Trust | D8: 7874 | E8: 0 | F8: 1582 | G8: 9456 | H8: 4655 | I8: 0 | J8: 1582 | K8: 6237 | L8: =IFERROR(K8/G8, "Missing Data") -> 0.65958122 | M8: =IFERROR(IF(D8=0,"",H8/D8), "Missing Data") -> 0.59118618 | N8: =_xlfn.XLOOKUP(AE[[#This Row],[Code]], 'System Mapping'!$A:$A, 'System Mapping'!$D:$D, "Not Found") -> NHS Norfolk and Suffolk Integrated Care Board
A9: RAJ | B9: NHS England East Of England | C9: Mid And South Essex NHS Foundation Trust | D9: 28628 | E9: 0 | F9: 8515 | G9: 37143 | H9: 17700 | I9: 0 | J9: 8154 | K9: 25854 | L9: =IFERROR(K9/G9, "Missing Data") -> 0.69606655 | M9: =IFERROR(IF(D9=0,"",H9/D9), "Missing Data") -> 0.61827581 | N9: =_xlfn.XLOOKUP(AE[[#This Row],[Code]], 'System Mapping'!$A:$A, 'System Mapping'!$D:$D, "Not Found") -> NHS Essex Integrated Care Board
A10: RD8 | B10: NHS England East Of England | C10: Milton Keynes University Hospital NHS Foundation Trust | D10: 9420 | E10: 0 | F10: 6789 | G10: 16209 | H10: 4770 | I10: 0 | J10: 6611 | K10: 11381 | L10: =IFERROR(K10/G10, "Missing Data") -> 0.70214079 | M10: =IFERROR(IF(D10=0,"",H10/D10), "Missing Data") -> 0.50636943 | N10: =_xlfn.XLOOKUP(AE[[#This Row],[Code]], 'System Mapping'!$A:$A, 'System Mapping'!$D:$D, "Not Found") -> NHS Central East Integrated Care Board
A11: RM1 | B11: NHS England East Of England | C11: Norfolk And Norwich University Hospitals NHS Foundation Trust | D11: 13687 | E11: 0 | F11: 8042 | G11: 21729 | H11: 9311 | I11: 0 | J11: 8035 | K11: 17346 | L11: =IFERROR(K11/G11, "Missing Data") -> 0.798288 | M11: =IFERROR(IF(D11=0,"",H11/D11), "Missing Data") -> 0.68028056 | N11: =_xlfn.XLOOKUP(AE[[#This Row],[Code]], 'System Mapping'!$A:$A, 'System Mapping'!$D:$D, "Not Found") -> NHS Norfolk and Suffolk Integrated Care Board
A12: RGN | B12: NHS England East Of England | C12: North West Anglia NHS Foundation Trust | D12: 17985 | E12: 0 | F12: 3887 | G12: 21872 | H12: 10986 | I12: 0 | J12: 3617 | K12: 14603 | L12: =IFERROR(K12/G12, "Missing Data") -> 0.66765728 | M12: =IFERROR(IF(D12=0,"",H12/D12), "Missing Data") -> 0.61084237 | N12: =_xlfn.XLOOKUP(AE[[#This Row],[Code]], 'System Mapping'!$A:$A, 'System Mapping'!$D:$D, "Not Found") -> NHS Central East Integrated Care Board
A13: Y02428 | B13: NHS England East Of England | C13: Putnoe Walk In Centre | D13: 0 | E13: 0 | F13: 2335 | G13: 2335 | H13: 0 | I13: 0 | J13: 2335 | K13: 2335 | L13: =IFERROR(K13/G13, "Missing Data") -> 1 | M13: =IFERROR(IF(D13=0,"",H13/D13), "Missing Data") | N13: =_xlfn.XLOOKUP(AE[[#This Row],[Code]], 'System Mapping'!$A:$A, 'System Mapping'!$D:$D, "Not Found") -> NHS Central East Integrated Care Board
... A192: RK9 | B192: NHS England South West | C192: University Hospitals Plymouth NHS Trust | D192: 9089 | E192: 74 | F192: 8290 | G192: 17453 | H192: 3293 | I192: 68 | J192: 8089 | K192: 11450 | L192: =IFERROR(K192/G192, "Missing Data") -> 0.65604767 | M192: =IFERROR(IF(D192=0,"",H192/D192), "Missing Data") -> 0.36230608 | N192: =_xlfn.XLOOKUP(AE[[#This Row],[Code]], 'System Mapping'!$A:$A, 'System Mapping'!$D:$D, "Not Found") -> NHS Devon Integrated Care Board
G193: =SUM(G2:G192) -> 2444743

Sheet Summary
A1: Maidstone and Tunbridge Wells: September 2026
A3: ODS Code | B3: rwf
A4: Provider Name | B4: =_xlfn.XLOOKUP($B$3,AE[Code],AE[Provider]) -> Maidstone And Tunbridge Wells NHS Trust
A5: Total attendances | B5: =_xlfn.XLOOKUP($B$3,AE[Code], AE[Total_Att]) -> 23409
A6: Seen Within 4 Hours | B6: =_xlfn.XLOOKUP($B$3, AE[Code],AE[Total _WithIn4]) -> 17537
A7: All-types 4-hour performance | B7: =_xlfn.XLOOKUP($B$3,AE[Code],AE[AllTypes_4hr_pct]) -> 0.74915631
A8: Type 1 attendances | B8: =_xlfn.XLOOKUP($B$3, AE[Code],AE[T1_Att]) -> 21697
A9: Type 1 4-hour performance | B9: =_xlfn.XLOOKUP($B$3, AE[Code],AE[Type1_4hr_pct]) -> 0.7294096
A11: National-all-types performance | B11: =SUM(AE[Total _WithIn4])/SUM(AE[Total_Att]) -> 0.74363318
A12: Total attendance, all providers | B12: =SUM(AE[Total_Att]) -> 2444743

Sheet Non-Booked Data
E1: 4 | F1: 5 | G1: 6 | M1: 10 | N1: 11 | O1: 12 | U1: 18 | V1: 19 | W1: 20 | Y1: 21 | AA1: 16 | AB1: 17
B2: Title: | C2: A&E Attendances & Emergency Admission monthly statistics, NHS and independent sector organisations in England
B4: Summary: | C4: A&E attendances, performance and emergency admission. Please see the Supplementary ECDS Analysis file for further breakdowns of A&E attendance data, this can be found published below this file on the NHS England Website, this provides attendance data split by age groups, gender, ethnicity, chief complaint and provides a data completeness and quality fact sheet.
B6: Period: | C6: September 26
B7: Source: | C7: SDCS data collection - MSitAE
B8: Basis: | C8: Provider
B9: Published: | C9: 8th October 2026
B10: Revised:
B11: Status: | C11: Published
B12: Contact: | C12: Kerry Evert - england.aedata@nhs.net
B14: Provider Level Data
E15: A&E attendances | I15: A&E attendances less than 4 hours from arrival to admission, transfer or discharge | M15: A&E attendances greater than 4 hours from arrival to admission, transfer or discharge | Q15: Percentage of attendances within 4 hours | U15: Emergency Admissions
B16: Code | C16: Region | D16: Name | E16: Type 1 Departments - Major A&E | F16: Type 2 Departments - Single Specialty | G16: Type 3 Departments - Other A&E/Minor Injury Unit | H16: Total attendances | I16: Type 1 Departments - Major A&E | J16: Type 2 Departments - Single Specialty | K16: Type 3 Departments - Other A&E/Minor Injury Unit | L16: Total Attendances < 4 hours | M16: Type 1 Departments - Major A&E | N16: Type 2 Departments - Single Specialty | O16: Type 3 Departments - Other A&E/Minor Injury Unit | P16: Total Attendances > 4 hours | Q16: Percentage in 4 hours or less (all) | R16: Percentage in 4 hours or less (type 1) | S16: Percentage in 4 hours or less (type 2) | T16: Percentage in 4 hours or less (type 3) | U16: Emergency Admissions via Type 1 A&E | V16: Emergency Admissions via Type 2 A&E | W16: Emergency Admissions via Type 3 and 4 A&E | X16: Total Emergency Admissions via A&E | Y16: Other Emergency admissions (i.e not via A&E) | Z16: Total Emergency Admissions | AA16: Number of patients spending >4 hours from decision to admit to admission | AB16: Number of patients spending >12 hours from decision to admit to admission
B17: - | C17: - | D17: England | E17: 1475440 | F17: 55014 | G17: 839337 | H17: 2369791 | I17: 890810 | J17: 51955 | K17: 808867 | L17: 1751632 | M17: 584630 | N17: 3059 | O17: 30470 | P17: 618159 | Q17: 0.73915041 | R17: 0.60375888 | S17: 0.94439597 | T17: 0.96369754 | U17: 394675 | V17: 1534 | W17: 5107 | X17: 401316 | Y17: 134842 | Z17: 536158 | AA17: 129199 | AB17: 50582
B19: RC9 | C19: NHS England East Of England | D19: Bedfordshire Hospitals NHS Foundation Trust | E19: 18509 | F19: 0 | G19: 8667 | H19: 27176 | I19: 11566 | J19: 0 | K19: 8667 | L19: 20233 | M19: 6943 | N19: 0 | O19: 0 | P19: 6943 | Q19: 0.74451722 | R19: 0.62488519 | S19: - | T19: 1 | U19: 5154 | V19: 0 | W19: 0 | X19: 5154 | Y19: 2480 | Z19: 7634 | AA19: 166 | AB19: 85 | AC19: NHS Central East Integrated Care Board
B20: RGT | C20: NHS England East Of England | D20: Cambridge University Hospitals NHS Foundation Trust | E20: 11809 | F20: 0 | G20: 5629 | H20: 17438 | I20: 6325 | J20: 0 | K20: 5538 | L20: 11863 | M20: 5484 | N20: 0 | O20: 91 | P20: 5575 | Q20: 0.68029591 | R20: 0.53560843 | S20: - | T20: 0.98383372 | U20: 3007 | V20: 0 | W20: 35 | X20: 3042 | Y20: 422 | Z20: 3464 | AA20: 784 | AB20: 262 | AC20: NHS Central East Integrated Care Board
B21: RWH | C21: NHS England East Of England | D21: East And North Hertfordshire Teaching NHS Trust | E21: 9588 | F21: 0 | G21: 9229 | H21: 18817 | I21: 4512 | J21: 0 | K21: 9107 | L21: 13619 | M21: 5076 | N21: 0 | O21: 122 | P21: 5198 | Q21: 0.72376043 | R21: 0.47058824 | S21: - | T21: 0.9867808 | U21: 2198 | V21: 0 | W21: 3 | X21: 2201 | Y21: 425 | Z21: 2626 | AA21: 526 | AB21: 89 | AC21: NHS Central East Integrated Care Board
B22: RDE | C22: NHS England East Of England | D22: East Suffolk And North Essex NHS Foundation Trust | E22: 12846 | F22: 0 | G22: 12888 | H22: 25734 | I22: 7552 | J22: 0 | K22: 11936 | L22: 19488 | M22: 5294 | N22: 0 | O22: 952 | P22: 6246 | Q22: 0.75728608 | R22: 0.58788728 | S22: - | T22: 0.92613284 | U22: 5016 | V22: 0 | W22: 1 | X22: 5017 | Y22: 220 | Z22: 5237 | AA22: 1471 | AB22: 858 | AC22: NHS Norfolk and Suffolk Integrated Care Board
B23: RY4 | C23: NHS England East Of England | D23: Hertfordshire Community NHS Trust | E23: 0 | F23: 0 | G23: 1195 | H23: 1195 | I23: 0 | J23: 0 | K23: 1129 | L23: 1129 | M23: 0 | N23: 0 | O23: 66 | P23: 66 | Q23: 0.94476987 | R23: - | S23: - | T23: 0.94476987 | U23: 0 | V23: 0 | W23: 0 | X23: 0 | Y23: 0 | Z23: 0 | AA23: 0 | AB23: 0 | AC23: NHS Central East Integrated Care Board
B24: DT301 | C24: NHS England East Of England | D24: Herts Urgent Care (Ascots Lane) | E24: 0 | F24: 0 | G24: 2328 | H24: 2328 | I24: 0 | J24: 0 | K24: 2208 | L24: 2208 | M24: 0 | N24: 0 | O24: 120 | P24: 120 | Q24: 0.94845361 | R24: - | S24: - | T24: 0.94845361 | U24: 0 | V24: 0 | W24: 0 | X24: 0 | Y24: 0 | Z24: 0 | AA24: 0 | AB24: 0 | AC24: NHS Central East Integrated Care Board
B25: RGP | C25: NHS England East Of England | D25: James Paget University Hospitals NHS Foundation Trust | E25: 7874 | F25: 0 | G25: 1582 | H25: 9456 | I25: 4655 | J25: 0 | K25: 1582 | L25: 6237 | M25: 3219 | N25: 0 | O25: 0 | P25: 3219 | Q25: 0.65958122 | R25: 0.59118618 | S25: - | T25: 1 | U25: 1692 | V25: 0 | W25: 0 | X25: 1692 | Y25: 461 | Z25: 2153 | AA25: 1034 | AB25: 423 | AC25: NHS Norfolk and Suffolk Integrated Care Board
B26: RAJ | C26: NHS England East Of England | D26: Mid And South Essex NHS Foundation Trust | E26: 28595 | F26: 0 | G26: 8495 | H26: 37090 | I26: 17669 | J26: 0 | K26: 8134 | L26: 25803 | M26: 10926 | N26: 0 | O26: 361 | P26: 11287 | Q26: 0.69568617 | R26: 0.61790523 | S26: - | T26: 0.95750441 | U26: 9218 | V26: 0 | W26: 164 | X26: 9382 | Y26: 1161 | Z26: 10543 | AA26: 3299 | AB26: 1371 | AC26: NHS Essex Integrated Care Board
B27: RD8 | C27: NHS England East Of England | D27: Milton Keynes University Hospital NHS Foundation Trust | E27: 8594 | F27: 0 | G27: 5871 | H27: 14465 | I27: 4400 | J27: 0 | K27: 5761 | L27: 10161 | M27: 4194 | N27: 0 | O27: 110 | P27: 4304 | Q27: 0.7024542 | R27: 0.51198511 | S27: - | T27: 0.98126384 | U27: 2624 | V27: 0 | W27: 0 | X27: 2624 | Y27: 424 | Z27: 3048 | AA27: 1105 | AB27: 2 | AC27: NHS Central East Integrated Care Board
B28: RM1 | C28: NHS England East Of England | D28: Norfolk And Norwich University Hospitals NHS Foundation Trust | E28: 13687 | F28: 0 | G28: 8042 | H28: 21729 | I28: 9311 | J28: 0 | K28: 8035 | L28: 17346 | M28: 4376 | N28: 0 | O28: 7 | P28: 4383 | Q28: 0.798288 | R28: 0.68028056 | S28: - | T28: 0.99912957 | U28: 2331 | V28: 0 | W28: 0 | X28: 2331 | Y28: 1562 | Z28: 3893 | AA28: 1052 | AB28: 287 | AC28: NHS Norfolk and Suffolk Integrated Care Board
B29: RGN | C29: NHS England East Of England | D29: North West Anglia NHS Foundation Trust | E29: 17648 | F29: 0 | G29: 3603 | H29: 21251 | I29: 10751 | J29: 0 | K29: 3350 | L29: 14101 | M29: 6897 | N29: 0 | O29: 253 | P29: 7150 | Q29: 0.66354524 | R29: 0.60919084 | S29: - | T29: 0.92978074 | U29: 4078 | V29: 0 | W29: 30 | X29: 4108 | Y29: 1434 | Z29: 5542 | AA29: 1238 | AB29: 705 | AC29: NHS Central East Integrated Care Board
B30: Y02428 | C30: NHS England East Of England | D30: Putnoe Walk In Centre | E30: 0 | F30: 0 | G30: 2335 | H30: 2335 | I30: 0 | J30: 0 | K30: 2335 | L30: 2335 | M30: 0 | N30: 0 | O30: 0 | P30: 0 | Q30: 1 | R30: - | S30: - | T30: 1 | U30: 0 | V30: 0 | W30: 0 | X30: 0 | Y30: 0 | Z30: 0 | AA30: 0 | AB30: 0 | AC30: NHS Central East Integrated Care Board
B31: RQW | C31: NHS England East Of England | D31: The Princess Alexandra Hospital NHS Trust | E31: 9234 | F31: 0 | G31: 2080 | H31: 11314 | I31: 6590 | J31: 0 | K31: 2080 | L31: 8670 | M31: 2644 | N31: 0 | O31: 0 | P31: 2644 | Q31: 0.76630723 | R31: 0.71366688 | S31: - | T31: 1 | U31: 1698 | V31: 0 | W31: 0 | X31: 1698 | Y31: 460 | Z31: 2158 | AA31: 847 | AB31: 328 | AC31: NHS Essex Integrated Care Board
B32: RCX | C32: NHS England East Of England | D32: The Queen Elizabeth Hospital, King's Lynn, NHS Foundation Trust | E32: 6636 | F32: 0 | G32: 1297 | H32: 7933 | I32: 3844 | J32: 0 | K32: 1297 | L32: 5141 | M32: 2792 | N32: 0 | O32: 0 | P32: 2792 | Q32: 0.64805244 | R32: 0.57926462 | S32: - | T32: 1 | U32: 1753 | V32: 0 | W32: 0 | X32: 1753 | Y32: 393 | Z32: 2146 | AA32: 942 | AB32: 154 | AC32: NHS Norfolk and Suffolk Integrated Care Board
B33: RWG | C33: NHS England East Of England | D33: West Hertfordshire Teaching Hospitals NHS Trust | E33: 8453 | F33: 0 | G33: 9276 | H33: 17729 | I33: 6176 | J33: 0 | K33: 9222 | L33: 15398 | M33: 2277 | N33: 0 | O33: 54 | P33: 2331 | Q33: 0.8685205 | R33: 0.73062818 | S33: - | T33: 0.99417853 | U33: 5325 | V33: 0 | W33: 0 | X33: 5325 | Y33: 524 | Z33: 5849 | AA33: 753 | AB33: 15 | AC33: NHS Central East Integrated Care Board
B34: RGR | C34: NHS England East Of England | D34: West Suffolk NHS Foundation Trust | E34: 8264 | F34: 0 | G34: 940 | H34: 9204 | I34: 6573 | J34: 0 | K34: 940 | L34: 7513 | M34: 1691 | N34: 0 | O34: 0 | P34: 1691 | Q34: 0.81627553 | R34: 0.79537754 | S34: - | T34: 1 | U34: 1940 | V34: 0 | W34: 0 | X34: 1940 | Y34: 278 | Z34: 2218 | AA34: 486 | AB34: 149 | AC34: NHS Norfolk and Suffolk Integrated Care Board
B35: G0Q0L | C35: NHS England London | D35: Barking Hospital Utc | E35: 0 | F35: 0 | G35: 2883 | H35: 2883 | I35: 0 | J35: 0 | K35: 2851 | L35: 2851 | M35: 0 | N35: 0 | O35: 32 | P35: 32 | Q35: 0.98890045 | R35: - | S35: - | T35: 0.98890045 | U35: 0 | V35: 0 | W35: 0 | X35: 0 | Y35: 0 | Z35: 0 | AA35: 0 | AB35: 0 | AC35: NHS North East London Integrated Care Board
B36: RF4 | C36: NHS England London | D36: Barking, Havering And Redbridge University Hospitals NHS Trust | E36: 14321 | F36: 2471 | G36: 16018 | H36: 32810 | I36: 9013 | J36: 2212 | K36: 15578 | L36: 26803 | M36: 5308 | N36: 259 | O36: 440 | P36: 6007 | Q36: 0.81691557 | R36: 0.62935549 | S36: 0.89518414 | T36: 0.9725309 | U36: 3593 | V36: 0 | W36: 0 | X36: 3593 | Y36: 2526 | Z36: 6119 | AA36: 1064 | AB36: 568 | AC36: NHS North East London Integrated Care Board
B37: R1H | C37: NHS England London | D37: Barts Health NHS Trust | E37: 27253 | F37: 895 | G37: 18702 | H37: 46850 | I37: 16611 | J37: 894 | K37: 17167 | L37: 34672 | M37: 10642 | N37: 1 | O37: 1535 | P37: 12178 | Q37: 0.74006403 | R37: 0.60951088 | S37: 0.99888268 | T37: 0.91792322 | U37: 3992 | V37: 0 | W37: 24 | X37: 4016 | Y37: 1207 | Z37: 5223 | AA37: 2141 | AB37: 1208 | AC37: NHS North East London Integrated Care Board
B38: AD913 | C38: NHS England London | D38: Beckenham Beacon Ucc | E38: 0 | F38: 0 | G38: 3523 | H38: 3523 | I38: 0 | J38: 0 | K38: 3509 | L38: 3509 | M38: 0 | N38: 0 | O38: 14 | P38: 14 | Q38: 0.99602611 | R38: - | S38: - | T38: 0.99602611 | U38: 0 | V38: 0 | W38: 0 | X38: 0 | Y38: 0 | Z38: 0 | AA38: 0 | AB38: 0 | AC38: NHS South East London Integrated Care Board
B39: RYX | C39: NHS England London | D39: Central London Community Healthcare NHS Trust | E39: 0 | F39: 0 | G39: 13541 | H39: 13541 | I39: 0 | J39: 0 | K39: 13174 | L39: 13174 | M39: 0 | N39: 0 | O39: 367 | P39: 367 | Q39: 0.97289713 | R39: - | S39: - | T39: 0.97289713 | U39: 0 | V39: 0 | W39: 0 | X39: 0 | Y39: 0 | Z39: 0 | AA39: 0 | AB39: 0 | AC39: NHS West and North London Integrated Care Board
B40: RQM | C40: NHS England London | D40: Chelsea And Westminster Hospital NHS Foundation Trust | E40: 21345 | F40: 0 | G40: 6840 | H40: 28185 | I40: 15326 | J40: 0 | K40: 6520 | L40: 21846 | M40: 6019 | N40: 0 | O40: 320 | P40: 6339 | Q40: 0.77509313 | R40: 0.71801359 | S40: - | T40: 0.95321637 | U40: 2966 | V40: 0 | W40: 0 | X40: 2966 | Y40: 316 | Z40: 3282 | AA40: 973 | AB40: 44 | AC40: NHS West and North London Integrated Care Board
B41: RJ6 | C41: NHS England London | D41: Croydon Health Services NHS Trust | E41: 13804 | F41: 0 | G41: 4657 | H41: 18461 | I41: 8710 | J41: 0 | K41: 4657 | L41: 13367 | M41: 5094 | N41: 0 | O41: 0 | P41: 5094 | Q41: 0.72406695 | R41: 0.63097653 | S41: - | T41: 1 | U41: 1090 | V41: 0 | W41: 0 | X41: 1090 | Y41: 150 | Z41: 1240 | AA41: 927 | AB41: 626 | AC41: NHS South West London Integrated Care Board
B42: RVR | C42: NHS England London | D42: Epsom And St Helier University Hospitals NHS Trust | E42: 11635 | F42: 0 | G42: 2921 | H42: 14556 | I42: 7826 | J42: 0 | K42: 2485 | L42: 10311 | M42: 3809 | N42: 0 | O42: 436 | P42: 4245 | Q42: 0.70836768 | R42: 0.6726257 | S42: - | T42: 0.85073605 | U42: 2097 | V42: 0 | W42: 0 | X42: 2097 | Y42: 163 | Z42: 2260 | AA42: 1391 | AB42: 743 | AC42: NHS South West London Integrated Care Board
B43: RJ1 | C43: NHS England London | D43: Guy's And St Thomas' NHS Foundation Trust | E43: 11004 | F43: 0 | G43: 7279 | H43: 18283 | I43: 6731 | J43: 0 | K43: 7062 | L43: 13793 | M43: 4273 | N43: 0 | O43: 217 | P43: 4490 | Q43: 0.75441667 | R43: 0.61168666 | S43: - | T43: 0.97018821 | U43: 2076 | V43: 0 | W43: 0 | X43: 2076 | Y43: 342 | Z43: 2418 | AA43: 232 | AB43: 73 | AC43: NHS South East London Integrated Care Board
B44: K6K0R | C44: NHS England London | D44: Harold Wood Polyclinic Utc | E44: 0 | F44: 0 | G44: 2752 | H44: 2752 | I44: 0 | J44: 0 | K44: 2727 | L44: 2727 | M44: 0 | N44: 0 | O44: 25 | P44: 25 | Q44: 0.9909157 | R44: - | S44: - | T44: 0.9909157 | U44: 0 | V44: 0 | W44: 0 | X44: 0 | Y44: 0 | Z44: 0 | AA44: 0 | AB44: 0 | AC44: NHS North East London Integrated Care Board
B45: RQX | C45: NHS England London | D45: Homerton Healthcare NHS Foundation Trust | E45: 11472 | F45: 0 | G45: 0 | H45: 11472 | I45: 9004 | J45: 0 | K45: 0 | L45: 9004 | M45: 2468 | N45: 0 | O45: 0 | P45: 2468 | Q45: 0.7848675 | R45: 0.7848675 | S45: - | T45: - | U45: 1761 | V45: 0 | W45: 0 | X45: 1761 | Y45: 401 | Z45: 2162 | AA45: 224 | AB45: 25 | AC45: NHS North East London Integrated Care Board
B46: RYJ | C46: NHS England London | D46: Imperial College Healthcare NHS Trust | E46: 12877 | F46: 4284 | G46: 7376 | H46: 24537 | I46: 7374 | J46: 4003 | K46: 7012 | L46: 18389 | M46: 5503 | N46: 281 | O46: 364 | P46: 6148 | Q46: 0.74943962 | R46: 0.57264891 | S46: 0.9344071 | T46: 0.95065076 | U46: 3776 | V46: 0 | W46: 0 | X46: 3776 | Y46: 1001 | Z46: 4777 | AA46: 626 | AB46: 0 | AC46: NHS West and North London Integrated Care Board
B47: RJZ | C47: NHS England London | D47: King's College Hospital NHS Foundation Trust | E47: 16197 | F47: 0 | G47: 10698 | H47: 26895 | I47: 8381 | J47: 0 | K47: 10085 | L47: 18466 | M47: 7816 | N47: 0 | O47: 613 | P47: 8429 | Q47: 0.68659602 | R47: 0.5174415 | S47: - | T47: 0.94269957 | U47: 3566 | V47: 0 | W47: 0 | X47: 3566 | Y47: 317 | Z47: 3883 | AA47: 2350 | AB47: 692 | AC47: NHS South East London Integrated Care Board
B48: RAX | C48: NHS England London | D48: Kingston And Richmond NHS Foundation Trust | E48: 7544 | F48: 0 | G48: 8597 | H48: 16141 | I48: 3132 | J48: 0 | K48: 8064 | L48: 11196 | M48: 4412 | N48: 0 | O48: 533 | P48: 4945 | Q48: 0.69363732 | R48: 0.41516437 | S48: - | T48: 0.93800163 | U48: 2569 | V48: 0 | W48: 171 | X48: 2740 | Y48: 654 | Z48: 3394 | AA48: 742 | AB48: 516 | AC48: NHS South West London Integrated Care Board
B49: RJ2 | C49: NHS England London | D49: Lewisham And Greenwich NHS Trust | E49: 16492 | F49: 0 | G49: 16269 | H49: 32761 | I49: 7265 | J49: 0 | K49: 15762 | L49: 23027 | M49: 9227 | N49: 0 | O49: 507 | P49: 9734 | Q49: 0.70287842 | R49: 0.44051661 | S49: - | T49: 0.96883644 | U49: 4635 | V49: 0 | W49: 0 | X49: 4635 | Y49: 584 | Z49: 5219 | AA49: 1900 | AB49: 713 | AC49: NHS South East London Integrated Care Board
B50: R1K | C50: NHS England London | D50: London North West University Healthcare NHS Trust | E50: 15095 | F50: 0 | G50: 16071 | H50: 31166 | I50: 7689 | J50: 0 | K50: 15816 | L50: 23505 | M50: 7406 | N50: 0 | O50: 255 | P50: 7661 | Q50: 0.75418726 | R50: 0.50937396 | S50: - | T50: 0.98413291 | U50: 6118 | V50: 0 | W50: 0 | X50: 6118 | Y50: 174 | Z50: 6292 | AA50: 1304 | AB50: 657 | AC50: NHS West and North London Integrated Care Board
B51: RP6 | C51: NHS England London | D51: Moorfields Eye Hospital NHS Foundation Trust | E51: 0 | F51: 6569 | G51: 0 | H51: 6569 | I51: 0 | J51: 6085 | K51: 0 | L51: 6085 | M51: 0 | N51: 484 | O51: 0 | P51: 484 | Q51: 0.9263206 | R51: - | S51: 0.9263206 | T51: - | U51: 0 | V51: 9 | W51: 0 | X51: 9 | Y51: 230 | Z51: 239 | AA51: 0 | AB51: 0 | AC51: NHS West and North London Integrated Care Board
B52: RAT | C52: NHS England London | D52: North East London NHS Foundation Trust | E52: 0 | F52: 0 | G52: 1626 | H52: 1626 | I52: 0 | J52: 0 | K52: 1598 | L52: 1598 | M52: 0 | N52: 0 | O52: 28 | P52: 28 | Q52: 0.98277983 | R52: - | S52: - | T52: 0.98277983 | U52: 0 | V52: 0 | W52: 0 | X52: 0 | Y52: 0 | Z52: 0 | AA52: 0 | AB52: 0 | AC52: NHS North East London Integrated Care Board
B53: RAL | C53: NHS England London | D53: Royal Free London NHS Foundation Trust | E53: 27458 | F53: 621 | G53: 16625 | H53: 44704 | I53: 19274 | J53: 620 | K53: 15883 | L53: 35777 | M53: 8184 | N53: 1 | O53: 742 | P53: 8927 | Q53: 0.8003087 | R53: 0.70194479 | S53: 0.99838969 | T53: 0.95536842 | U53: 6577 | V53: 2 | W53: 131 | X53: 6710 | Y53: 769 | Z53: 7479 | AA53: 2899 | AB53: 2031 | AC53: NHS West and North London Integrated Care Board
B54: RAN | C54: NHS England London | D54: Royal National Orthopaedic Hospital NHS Trust | E54: 0 | F54: 0 | G54: 0 | H54: 0 | I54: 0 | J54: 0 | K54: 0 | L54: 0 | M54: 0 | N54: 0 | O54: 0 | P54: 0 | Q54: - | R54: - | S54: - | T54: - | U54: 0 | V54: 0 | W54: 0 | X54: 0 | Y54: 28 | Z54: 28 | AA54: 0 | AB54: 0 | AC54: NHS West and North London Integrated Care Board
B55: RJ7 | C55: NHS England London | D55: St George's University Hospitals NHS Foundation Trust | E55: 9553 | F55: 0 | G55: 4101 | H55: 13654 | I55: 6756 | J55: 0 | K55: 3907 | L55: 10663 | M55: 2797 | N55: 0 | O55: 194 | P55: 2991 | Q55: 0.78094331 | R55: 0.70721239 | S55: - | T55: 0.95269446 | U55: 1925 | V55: 0 | W55: 0 | X55: 1925 | Y55: 458 | Z55: 2383 | AA55: 645 | AB55: 287 | AC55: NHS South West London Integrated Care Board
B56: RAS | C56: NHS England London | D56: The Hillingdon Hospitals NHS Foundation Trust | E56: 5219 | F56: 0 | G56: 7405 | H56: 12624 | I56: 3001 | J56: 0 | K56: 7332 | L56: 10333 | M56: 2218 | N56: 0 | O56: 73 | P56: 2291 | Q56: 0.81852028 | R56: 0.57501437 | S56: - | T56: 0.9901418 | U56: 1828 | V56: 0 | W56: 0 | X56: 1828 | Y56: 86 | Z56: 1914 | AA56: 462 | AB56: 6 | AC56: NHS West and North London Integrated Care Board
B57: RRV | C57: NHS England London | D57: University College London Hospitals NHS Foundation Trust | E57: 14122 | F57: 0 | G57: 0 | H57: 14122 | I57: 10422 | J57: 0 | K57: 0 | L57: 10422 | M57: 3700 | N57: 0 | O57: 0 | P57: 3700 | Q57: 0.73799745 | R57: 0.73799745 | S57: - | T57: - | U57: 1418 | V57: 0 | W57: 0 | X57: 1418 | Y57: 328 | Z57: 1746 | AA57: 642 | AB57: 246 | AC57: NHS West and North London Integrated Care Board
B58: RKE | C58: NHS England London | D58: Whittington Health NHS Trust | E58: 9715 | F58: 0 | G58: 0 | H58: 9715 | I58: 7009 | J58: 0 | K58: 0 | L58: 7009 | M58: 2706 | N58: 0 | O58: 0 | P58: 2706 | Q58: 0.72146166 | R58: 0.72146166 | S58: - | T58: - | U58: 1321 | V58: 0 | W58: 0 | X58: 1321 | Y58: 41 | Z58: 1362 | AA58: 506 | AB58: 278 | AC58: NHS West and North London Integrated Care Board
B59: RQ3 | C59: NHS England Midlands | D59: Birmingham Women's And Children's NHS Foundation Trust | E59: 4840 | F59: 0 | G59: 897 | H59: 5737 | I59: 3592 | J59: 0 | K59: 897 | L59: 4489 | M59: 1248 | N59: 0 | O59: 0 | P59: 1248 | Q59: 0.7824647 | R59: 0.74214876 | S59: - | T59: 1 | U59: 628 | V59: 0 | W59: 0 | X59: 628 | Y59: 244 | Z59: 872 | AA59: 24 | AB59: 3 | AC59: NHS Birmingham And Solihull Integrated Care Board
B60: RFS | C60: NHS England Midlands | D60: Chesterfield Royal Hospital NHS Foundation Trust | E60: 6890 | F60: 0 | G60: 5220 | H60: 12110 | I60: 3540 | J60: 0 | K60: 5152 | L60: 8692 | M60: 3350 | N60: 0 | O60: 68 | P60: 3418 | Q60: 0.71775392 | R60: 0.5137881 | S60: - | T60: 0.98697318 | U60: 2027 | V60: 0 | W60: 22 | X60: 2049 | Y60: 129 | Z60: 2178 | AA60: 796 | AB60: 180 | AC60: NHS Derby And Derbyshire Integrated Care Board
B61: RYG | C61: NHS England Midlands | D61: Coventry And Warwickshire Partnership NHS Trust | E61: 0 | F61: 0 | G61: 0 | H61: 0 | I61: 0 | J61: 0 | K61: 0 | L61: 0 | M61: 0 | N61: 0 | O61: 0 | P61: 0 | Q61: - | R61: - | S61: - | T61: - | U61: 0 | V61: 0 | W61: 6 | X61: 6 | Y61: 34 | Z61: 40 | AA61: 0 | AB61: 0 | AC61: NHS Coventry And Warwickshire Integrated Care Board
B62: RY8 | C62: NHS England Midlands | D62: Derbyshire Community Health Services NHS Foundation Trust | E62: 0 | F62: 0 | G62: 6726 | H62: 6726 | I62: 0 | J62: 0 | K62: 6259 | L62: 6259 | M62: 0 | N62: 0 | O62: 467 | P62: 467 | Q62: 0.93056795 | R62: - | S62: - | T62: 0.93056795 | U62: 0 | V62: 0 | W62: 0 | X62: 0 | Y62: 0 | Z62: 0 | AA62: 0 | AB62: 0 | AC62: NHS Derby And Derbyshire Integrated Care Board
B63: NNJ | C63: NHS England Midlands | D63: Dhu Health Care C.I.C | E63: 0 | F63: 0 | G63: 1908 | H63: 1908 | I63: 0 | J63: 0 | K63: 1907 | L63: 1907 | M63: 0 | N63: 0 | O63: 1 | P63: 1 | Q63: 0.99947589 | R63: - | S63: - | T63: 0.99947589 | U63: 0 | V63: 0 | W63: 0 | X63: 0 | Y63: 0 | Z63: 0 | AA63: 0 | AB63: 0 | AC63: NHS Derby And Derbyshire Integrated Care Board
B64: NNJ10 | C64: NHS England Midlands | D64: Enderby Leisure Centre | E64: 0 | F64: 0 | G64: 0 | H64: 0 | I64: 0 | J64: 0 | K64: 0 | L64: 0 | M64: 0 | N64: 0 | O64: 0 | P64: 0 | Q64: - | R64: - | S64: - | T64: - | U64: 0 | V64: 0 | W64: 0 | X64: 0 | Y64: 0 | Z64: 0 | AA64: 0 | AB64: 0 | AC64: NHS Leicester, Leicestershire And Rutland Integrated Care Board
B65: RLT | C65: NHS England Midlands | D65: George Eliot Hospital NHS Trust | E65: 7779 | F65: 0 | G65: 1653 | H65: 9432 | I65: 6527 | J65: 0 | K65: 1653 | L65: 8180 | M65: 1252 | N65: 0 | O65: 0 | P65: 1252 | Q65: 0.86726039 | R65: 0.83905386 | S65: - | T65: 1 | U65: 1106 | V65: 0 | W65: 1 | X65: 1107 | Y65: 0 | Z65: 1107 | AA65: 707 | AB65: 354 | AC65: NHS Coventry And Warwickshire Integrated Care Board
B66: RNQ | C66: NHS England Midlands | D66: Kettering General Hospital NHS Foundation Trust | E66: 11028 | F66: 0 | G66: 8976 | H66: 20004 | I66: 6689 | J66: 0 | K66: 8955 | L66: 15644 | M66: 4339 | N66: 0 | O66: 21 | P66: 4360 | Q66: 0.78204359 | R66: 0.60654697 | S66: - | T66: 0.99766043 | U66: 1943 | V66: 0 | W66: 0 | X66: 1943 | Y66: 248 | Z66: 2191 | AA66: 1262 | AB66: 743 | AC66: NHS Northamptonshire Integrated Care Board
B67: C82038 | C67: NHS England Midlands | D67: Latham House Medical Practice | E67: 0 | F67: 0 | G67: 384 | H67: 384 | I67: 0 | J67: 0 | K67: 384 | L67: 384 | M67: 0 | N67: 0 | O67: 0 | P67: 0 | Q67: 1 | R67: - | S67: - | T67: 1 | U67: 0 | V67: 0 | W67: 0 | X67: 0 | Y67: 0 | Z67: 0 | AA67: 0 | AB67: 0 | AC67: NHS Leicester, Leicestershire And Rutland Integrated Care Board
B68: RY5 | C68: NHS England Midlands | D68: Lincolnshire Community Health Services NHS Trust | E68: 0 | F68: 0 | G68: 9745 | H68: 9745 | I68: 0 | J68: 0 | K68: 9507 | L68: 9507 | M68: 0 | N68: 0 | O68: 238 | P68: 238 | Q68: 0.97557722 | R68: - | S68: - | T68: 0.97557722 | U68: 0 | V68: 0 | W68: 0 | X68: 0 | Y68: 0 | Z68: 0 | AA68: 0 | AB68: 0 | AC68: NHS Lincolnshire Integrated Care Board
B69: NNJ0H | C69: NHS England Midlands | D69: Llr Ea - The Merlyn Vaz Health & Social Care Centre | E69: 0 | F69: 0 | G69: 249 | H69: 249 | I69: 0 | J69: 0 | K69: 249 | L69: 249 | M69: 0 | N69: 0 | O69: 0 | P69: 0 | Q69: 1 | R69: - | S69: - | T69: 1 | U69: 0 | V69: 0 | W69: 0 | X69: 0 | Y69: 0 | Z69: 0 | AA69: 0 | AB69: 0 | AC69: NHS Leicester, Leicestershire And Rutland Integrated Care Board
B70: NNJ07 | C70: NHS England Midlands | D70: Loughborough Urgent Care Centre | E70: 0 | F70: 0 | G70: 5889 | H70: 5889 | I70: 0 | J70: 0 | K70: 5856 | L70: 5856 | M70: 0 | N70: 0 | O70: 33 | P70: 33 | Q70: 0.99439633 | R70: - | S70: - | T70: 0.99439633 | U70: 0 | V70: 0 | W70: 0 | X70: 0 | Y70: 0 | Z70: 0 | AA70: 0 | AB70: 0 | AC70: NHS Leicester, Leicestershire And Rutland Integrated Care Board
B71: NNJ11 | C71: NHS England Midlands | D71: Lutterworth Hospital | E71: 0 | F71: 0 | G71: 0 | H71: 0 | I71: 0 | J71: 0 | K71: 0 | L71: 0 | M71: 0 | N71: 0 | O71: 0 | P71: 0 | Q71: - | R71: - | S71: - | T71: - | U71: 0 | V71: 0 | W71: 0 | X71: 0 | Y71: 0 | Z71: 0 | AA71: 0 | AB71: 0 | AC71: NHS Leicester, Leicestershire And Rutland Integrated Care Board
B72: NNJ12 | C72: NHS England Midlands | D72: Market Harborough | E72: 0 | F72: 0 | G72: 0 | H72: 0 | I72: 0 | J72: 0 | K72: 0 | L72: 0 | M72: 0 | N72: 0 | O72: 0 | P72: 0 | Q72: - | R72: - | S72: - | T72: - | U72: 0 | V72: 0 | W72: 0 | X72: 0 | Y72: 0 | Z72: 0 | AA72: 0 | AB72: 0 | AC72: NHS Leicester, Leicestershire And Rutland Integrated Care Board
B73: C82009 | C73: NHS England Midlands | D73: Market Harborough Med.Ctr | E73: 0 | F73: 0 | G73: 323 | H73: 323 | I73: 0 | J73: 0 | K73: 323 | L73: 323 | M73: 0 | N73: 0 | O73: 0 | P73: 0 | Q73: 1 | R73: - | S73: - | T73: 1 | U73: 0 | V73: 0 | W73: 0 | X73: 0 | Y73: 0 | Z73: 0 | AA73: 0 | AB73: 0 | AC73: NHS Leicester, Leicestershire And Rutland Integrated Care Board
B74: NNJ13 | C74: NHS England Midlands | D74: Melton Mowbray | E74: 0 | F74: 0 | G74: 0 | H74: 0 | I74: 0 | J74: 0 | K74: 0 | L74: 0 | M74: 0 | N74: 0 | O74: 0 | P74: 0 | Q74: - | R74: - | S74: - | T74: - | U74: 0 | V74: 0 | W74: 0 | X74: 0 | Y74: 0 | Z74: 0 | AA74: 0 | AB74: 0 | AC74: NHS Leicester, Leicestershire And Rutland Integrated Care Board
B75: RNS | C75: NHS England Midlands | D75: Northampton General Hospital NHS Trust | E75: 9611 | F75: 654 | G75: 3988 | H75: 14253 | I75: 5348 | J75: 629 | K75: 3908 | L75: 9885 | M75: 4263 | N75: 25 | O75: 80 | P75: 4368 | Q75: 0.6935382 | R75: 0.55644574 | S75: 0.9617737 | T75: 0.97993982 | U75: 2433 | V75: 0 | W75: 0 | X75: 2433 | Y75: 311 | Z75: 2744 | AA75: 1301 | AB75: 821 | AC75: NHS Northamptonshire Integrated Care Board
B76: RX1 | C76: NHS England Midlands | D76: Nottingham University Hospitals NHS Trust | E76: 13656 | F76: 2016 | G76: 11627 | H76: 27299 | I76: 6086 | J76: 1933 | K76: 9893 | L76: 17912 | M76: 7570 | N76: 83 | O76: 1734 | P76: 9387 | Q76: 0.65614125 | R76: 0.44566491 | S76: 0.95882937 | T76: 0.85086437 | U76: 3760 | V76: 0 | W76: 1292 | X76: 5052 | Y76: 4052 | Z76: 9104 | AA76: 1162 | AB76: 979 | AC76: NHS Nottingham And Nottinghamshire Integrated Care Board
B77: NNJ14 | C77: NHS England Midlands | D77: Oadby | E77: 0 | F77: 0 | G77: 613 | H77: 613 | I77: 0 | J77: 0 | K77: 613 | L77: 613 | M77: 0 | N77: 0 | O77: 0 | P77: 0 | Q77: 1 | R77: - | S77: - | T77: 1 | U77: 0 | V77: 0 | W77: 0 | X77: 0 | Y77: 0 | Z77: 0 | AA77: 0 | AB77: 0 | AC77: NHS Leicester, Leicestershire And Rutland Integrated Care Board
B78: NNJ15 | C78: NHS England Midlands | D78: Rutland Minor Illness And Injury Service (Formerly Wlhh Pre-April 2026) | E78: 0 | F78: 0 | G78: 253 | H78: 253 | I78: 0 | J78: 0 | K78: 253 | L78: 253 | M78: 0 | N78: 0 | O78: 0 | P78: 0 | Q78: 1 | R78: - | S78: - | T78: 1 | U78: 0 | V78: 0 | W78: 0 | X78: 0 | Y78: 0 | Z78: 0 | AA78: 0 | AB78: 0 | AC78: NHS Leicester, Leicestershire And Rutland Integrated Care Board
B79: RXK | C79: NHS England Midlands | D79: Sandwell And West Birmingham Hospitals NHS Trust | E79: 11775 | F79: 1281 | G79: 8369 | H79: 21425 | I79: 6705 | J79: 1024 | K79: 8284 | L79: 16013 | M79: 5070 | N79: 257 | O79: 85 | P79: 5412 | Q79: 0.7473979 | R79: 0.56942675 | S79: 0.79937549 | T79: 0.98984347 | U79: 2597 | V79: 0 | W79: 12 | X79: 2609 | Y79: 67 | Z79: 2676 | AA79: 1057 | AB79: 221 | AC79: NHS Black Country Integrated Care Board
B80: RK5 | C80: NHS England Midlands | D80: Sherwood Forest Hospitals NHS Foundation Trust | E80: 11265 | F80: 0 | G80: 5917 | H80: 17182 | I80: 7732 | J80: 0 | K80: 5047 | L80: 12779 | M80: 3533 | N80: 0 | O80: 870 | P80: 4403 | Q80: 0.74374345 | R80: 0.68637372 | S80: - | T80: 0.85296603 | U80: 3859 | V80: 0 | W80: 0 | X80: 3859 | Y80: 289 | Z80: 4148 | AA80: 724 | AB80: 179 | AC80: NHS Nottingham And Nottinghamshire Integrated Care Board
B81: R1D | C81: NHS England Midlands | D81: Shropshire Community Health NHS Trust | E81: 0 | F81: 0 | G81: 3616 | H81: 3616 | I81: 0 | J81: 0 | K81: 3601 | L81: 3601 | M81: 0 | N81: 0 | O81: 15 | P81: 15 | Q81: 0.99585177 | R81: - | S81: - | T81: 0.99585177 | U81: 0 | V81: 0 | W81: 0 | X81: 0 | Y81: 0 | Z81: 0 | AA81: 0 | AB81: 0 | AC81: NHS Shropshire, Telford And Wrekin Integrated Care Board
B82: C83023 | C82: NHS England Midlands | D82: Sleaford Medical Group | E82: 0 | F82: 0 | G82: 462 | H82: 462 | I82: 0 | J82: 0 | K82: 462 | L82: 462 | M82: 0 | N82: 0 | O82: 0 | P82: 0 | Q82: 1 | R82: - | S82: - | T82: 1 | U82: 0 | V82: 0 | W82: 0 | X82: 0 | Y82: 1 | Z82: 1 | AA82: 0 | AB82: 0 | AC82: NHS Lincolnshire Integrated Care Board
B83: RJC | C83: NHS England Midlands | D83: South Warwickshire University NHS Foundation Trust | E83: 8510 | F83: 0 | G83: 543 | H83: 9053 | I83: 5738 | J83: 0 | K83: 543 | L83: 6281 | M83: 2772 | N83: 0 | O83: 0 | P83: 2772 | Q83: 0.69380316 | R83: 0.67426557 | S83: - | T83: 1 | U83: 1638 | V83: 0 | W83: 0 | X83: 1638 | Y83: 572 | Z83: 2210 | AA83: 644 | AB83: 190 | AC83: NHS Coventry And Warwickshire Integrated Care Board
B84: RNA | C84: NHS England Midlands | D84: The Dudley Group NHS Foundation Trust | E84: 10834 | F84: 0 | G84: 3851 | H84: 14685 | I84: 7938 | J84: 0 | K84: 3759 | L84: 11697 | M84: 2896 | N84: 0 | O84: 92 | P84: 2988 | Q84: 0.79652707 | R84: 0.73269337 | S84: - | T84: 0.9761101 | U84: 3484 | V84: 0 | W84: 0 | X84: 3484 | Y84: 2574 | Z84: 6058 | AA84: 1031 | AB84: 155 | AC84: NHS Black Country Integrated Care Board
B85: RL1 | C85: NHS England Midlands | D85: The Robert Jones And Agnes Hunt Orthopaedic Hospital NHS Foundation Trust | E85: 0 | F85: 0 | G85: 0 | H85: 0 | I85: 0 | J85: 0 | K85: 0 | L85: 0 | M85: 0 | N85: 0 | O85: 0 | P85: 0 | Q85: - | R85: - | S85: - | T85: - | U85: 0 | V85: 0 | W85: 0 | X85: 0 | Y85: 40 | Z85: 40 | AA85: 0 | AB85: 0 | AC85: NHS Shropshire, Telford And Wrekin Integrated Care Board
B86: RL4 | C86: NHS England Midlands | D86: The Royal Wolverhampton NHS Trust | E86: 11329 | F86: 1627 | G86: 6962 | H86: 19918 | I86: 7446 | J86: 1582 | K86: 6764 | L86: 15792 | M86: 3883 | N86: 45 | O86: 198 | P86: 4126 | Q86: 0.79285069 | R86: 0.6572513 | S86: 0.97234173 | T86: 0.9715599 | U86: 6544 | V86: 0 | W86: 58 | X86: 6602 | Y86: 810 | Z86: 7412 | AA86: 1342 | AB86: 506 | AC86: NHS Black Country Integrated Care Board
B87: RXW | C87: NHS England Midlands | D87: The Shrewsbury And Telford Hospital NHS Trust | E87: 11747 | F87: 0 | G87: 2588 | H87: 14335 | I87: 5069 | J87: 0 | K87: 2242 | L87: 7311 | M87: 6678 | N87: 0 | O87: 346 | P87: 7024 | Q87: 0.51001046 | R87: 0.43151443 | S87: - | T87: 0.86630603 | U87: 3708 | V87: 0 | W87: 209 | X87: 3917 | Y87: 2094 | Z87: 6011 | AA87: 1912 | AB87: 1373 | AC87: NHS Shropshire, Telford And Wrekin Integrated Care Board
B88: RWD | C88: NHS England Midlands | D88: United Lincolnshire Teaching Hospitals NHS Trust | E88: 17584 | F88: 0 | G88: 4440 | H88: 22024 | I88: 11191 | J88: 0 | K88: 3955 | L88: 15146 | M88: 6393 | N88: 0 | O88: 485 | P88: 6878 | Q88: 0.68770432 | R88: 0.63643085 | S88: - | T88: 0.89076577 | U88: 4773 | V88: 0 | W88: 0 | X88: 4773 | Y88: 1211 | Z88: 5984 | AA88: 1975 | AB88: 1347 | AC88: NHS Lincolnshire Integrated Care Board
B89: RRK | C89: NHS England Midlands | D89: University Hospitals Birmingham NHS Foundation Trust | E89: 34437 | F89: 407 | G89: 12413 | H89: 47257 | I89: 19748 | J89: 407 | K89: 12359 | L89: 32514 | M89: 14689 | N89: 0 | O89: 54 | P89: 14743 | Q89: 0.68802505 | R89: 0.57345297 | S89: 1 | T89: 0.99564972 | U89: 10284 | V89: 0 | W89: 0 | X89: 10284 | Y89: 8515 | Z89: 18799 | AA89: 3771 | AB89: 2085 | AC89: NHS Birmingham And Solihull Integrated Care Board
B90: RKB | C90: NHS England Midlands | D90: University Hospitals Coventry And Warwickshire NHS Trust | E90: 13154 | F90: 2778 | G90: 5874 | H90: 21806 | I90: 7987 | J90: 2691 | K90: 5751 | L90: 16429 | M90: 5167 | N90: 87 | O90: 123 | P90: 5377 | Q90: 0.75341649 | R90: 0.60719173 | S90: 0.96868251 | T90: 0.97906027 | U90: 1375 | V90: 44 | W90: 54 | X90: 1473 | Y90: 377 | Z90: 1850 | AA90: 72 | AB90: 18 | AC90: NHS Coventry And Warwickshire Integrated Care Board
B91: RTG | C91: NHS England Midlands | D91: University Hospitals Of Derby And Burton NHS Foundation Trust | E91: 21190 | F91: 0 | G91: 9568 | H91: 30758 | I91: 11055 | J91: 0 | K91: 9557 | L91: 20612 | M91: 10135 | N91: 0 | O91: 11 | P91: 10146 | Q91: 0.6701346 | R91: 0.52170835 | S91: - | T91: 0.99885033 | U91: 3946 | V91: 0 | W91: 0 | X91: 3946 | Y91: 2773 | Z91: 6719 | AA91: 1802 | AB91: 794 | AC91: NHS Derby And Derbyshire Integrated Care Board
B92: RWE | C92: NHS England Midlands | D92: University Hospitals Of Leicester NHS Trust | E92: 24152 | F92: 2198 | G92: 0 | H92: 26350 | I92: 14347 | J92: 2012 | K92: 0 | L92: 16359 | M92: 9805 | N92: 186 | O92: 0 | P92: 9991 | Q92: 0.62083491 | R92: 0.59402948 | S92: 0.91537762 | T92: - | U92: 6766 | V92: 5 | W92: 0 | X92: 6771 | Y92: 3841 | Z92: 10612 | AA92: 1639 | AB92: 499 | AC92: NHS Leicester, Leicestershire And Rutland Integrated Care Board
B93: RJE | C93: NHS England Midlands | D93: University Hospitals Of North Midlands NHS Trust | E93: 15160 | F93: 540 | G93: 9198 | H93: 24898 | I93: 6860 | J93: 540 | K93: 9017 | L93: 16417 | M93: 8300 | N93: 0 | O93: 181 | P93: 8481 | Q93: 0.65937023 | R93: 0.4525066 | S93: 1 | T93: 0.98032181 | U93: 4724 | V93: 0 | W93: 0 | X93: 4724 | Y93: 1167 | Z93: 5891 | AA93: 1772 | AB93: 640 | AC93: NHS Staffordshire And Stoke-On-Trent Integrated Care Board
B94: RBK | C94: NHS England Midlands | D94: Walsall Healthcare NHS Trust | E94: 10447 | F94: 0 | G94: 4184 | H94: 14631 | I94: 6971 | J94: 0 | K94: 4009 | L94: 10980 | M94: 3476 | N94: 0 | O94: 175 | P94: 3651 | Q94: 0.75046135 | R94: 0.6672729 | S94: - | T94: 0.958174 | U94: 4515 | V94: 0 | W94: 0 | X94: 4515 | Y94: 860 | Z94: 5375 | AA94: 1610 | AB94: 339 | AC94: NHS Black Country Integrated Care Board
B95: RWP | C95: NHS England Midlands | D95: Worcestershire Acute Hospitals NHS Trust | E95: 14684 | F95: 0 | G95: 6398 | H95: 21082 | I95: 7755 | J95: 0 | K95: 6264 | L95: 14019 | M95: 6929 | N95: 0 | O95: 134 | P95: 7063 | Q95: 0.66497486 | R95: 0.52812585 | S95: - | T95: 0.97905595 | U95: 3204 | V95: 0 | W95: 0 | X95: 3204 | Y95: 802 | Z95: 4006 | AA95: 1819 | AB95: 1062 | AC95: NHS Herefordshire And Worcestershire Integrated Care Board
B96: RLQ | C96: NHS England Midlands | D96: Wye Valley NHS Trust | E96: 6357 | F96: 976 | G96: 148 | H96: 7481 | I96: 3749 | J96: 976 | K96: 148 | L96: 4873 | M96: 2608 | N96: 0 | O96: 0 | P96: 2608 | Q96: 0.6513835 | R96: 0.58974359 | S96: 1 | T96: 1 | U96: 1423 | V96: 0 | W96: 0 | X96: 1423 | Y96: 178 | Z96: 1601 | AA96: 583 | AB96: 135 | AC96: NHS Herefordshire And Worcestershire Integrated Care Board
B97: RCF | C97: NHS England North East And Yorkshire | D97: Airedale NHS Foundation Trust | E97: 6134 | F97: 278 | G97: 0 | H97: 6412 | I97: 3530 | J97: 278 | K97: 0 | L97: 3808 | M97: 2604 | N97: 0 | O97: 0 | P97: 2604 | Q97: 0.59388646 | R97: 0.57548093 | S97: 1 | T97: - | U97: 1511 | V97: 0 | W97: 0 | X97: 1511 | Y97: 487 | Z97: 1998 | AA97: 570 | AB97: 181 | AC97: NHS West Yorkshire Integrated Care Board
B98: RFF | C98: NHS England North East And Yorkshire | D98: Barnsley Hospital NHS Foundation Trust | E98: 10086 | F98: 0 | G98: 0 | H98: 10086 | I98: 7185 | J98: 0 | K98: 0 | L98: 7185 | M98: 2901 | N98: 0 | O98: 0 | P98: 2901 | Q98: 0.71237359 | R98: 0.71237359 | S98: - | T98: - | U98: 3464 | V98: 0 | W98: 0 | X98: 3464 | Y98: 485 | Z98: 3949 | AA98: 739 | AB98: 109 | AC98: NHS South Yorkshire Integrated Care Board
B99: RAE | C99: NHS England North East And Yorkshire | D99: Bradford Teaching Hospitals NHS Foundation Trust | E99: 9332 | F99: 861 | G99: 3753 | H99: 13946 | I99: 6849 | J99: 861 | K99: 3745 | L99: 11455 | M99: 2483 | N99: 0 | O99: 8 | P99: 2491 | Q99: 0.82138248 | R99: 0.73392628 | S99: 1 | T99: 0.99786837 | U99: 2582 | V99: 0 | W99: 8 | X99: 2590 | Y99: 1210 | Z99: 3800 | AA99: 848 | AB99: 215 | AC99: NHS West Yorkshire Integrated Care Board
B100: NNF09 | C100: NHS England North East And Yorkshire | D100: Bransholme Health Centre | E100: 0 | F100: 0 | G100: 3624 | H100: 3624 | I100: 0 | J100: 0 | K100: 3142 | L100: 3142 | M100: 0 | N100: 0 | O100: 482 | P100: 482 | Q100: 0.86699779 | R100: - | S100: - | T100: 0.86699779 | U100: 0 | V100: 0 | W100: 0 | X100: 0 | Y100: 0 | Z100: 0 | AA100: 0 | AB100: 0 | AC100: NHS Humber And North Yorkshire Integrated Care Board
B101: NNF16 | C101: NHS England North East And Yorkshire | D101: Bridlington Hospital | E101: 0 | F101: 0 | G101: 1478 | H101: 1478 | I101: 0 | J101: 0 | K101: 1396 | L101: 1396 | M101: 0 | N101: 0 | O101: 82 | P101: 82 | Q101: 0.94451962 | R101: - | S101: - | T101: 0.94451962 | U101: 0 | V101: 0 | W101: 0 | X101: 0 | Y101: 0 | Z101: 0 | AA101: 0 | AB101: 0 | AC101: NHS Humber And North Yorkshire Integrated Care Board
B102: RWY | C102: NHS England North East And Yorkshire | D102: Calderdale And Huddersfield NHS Foundation Trust | E102: 16465 | F102: 0 | G102: 0 | H102: 16465 | I102: 14048 | J102: 0 | K102: 0 | L102: 14048 | M102: 2417 | N102: 0 | O102: 0 | P102: 2417 | Q102: 0.85320377 | R102: 0.85320377 | S102: - | T102: - | U102: 2876 | V102: 0 | W102: 0 | X102: 2876 | Y102: 200 | Z102: 3076 | AA102: 1127 | AB102: 41 | AC102: NHS West Yorkshire Integrated Care Board
B103: RXP | C103: NHS England North East And Yorkshire | D103: County Durham And Darlington NHS Foundation Trust | E103: 12901 | F103: 0 | G103: 3534 | H103: 16435 | I103: 7588 | J103: 0 | K103: 3534 | L103: 11122 | M103: 5313 | N103: 0 | O103: 0 | P103: 5313 | Q103: 0.6767265 | R103: 0.58817146 | S103: - | T103: 1 | U103: 4072 | V103: 0 | W103: 0 | X103: 4072 | Y103: 838 | Z103: 4910 | AA103: 1849 | AB103: 52 | AC103: NHS North East And North Cumbria Integrated Care Board
B104: RP5 | C104: NHS England North East And Yorkshire | D104: Doncaster And Bassetlaw Teaching Hospitals NHS Foundation Trust | E104: 14439 | F104: 0 | G104: 4120 | H104: 18559 | I104: 9492 | J104: 0 | K104: 4111 | L104: 13603 | M104: 4947 | N104: 0 | O104: 9 | P104: 4956 | Q104: 0.73295975 | R104: 0.65738625 | S104: - | T104: 0.99781553 | U104: 3970 | V104: 0 | W104: 341 | X104: 4311 | Y104: 849 | Z104: 5160 | AA104: 1748 | AB104: 376 | AC104: NHS South Yorkshire Integrated Care Board
...

Sheet Booked Appointments Data
E1: 7 | F1: 8 | G1: 9 | I1: 13 | J1: 14 | K1: 15
B2: Title: | C2: A&E Booked Appointment Attendances
B4: Summary: | C4: A&E booked appointment attendances and performance at an Urgent Treatment Centre made in advance via NHS 111. Please see the Supplementary ECDS Analysis file for further breakdowns of A&E attendance data, this can be found published below this file on the NHS England Website, this provides attendance data split by age groups, gender, ethnicity, chief complaint and provides a data completeness and quality fact sheet.
B6: Period: | C6: September 26
B7: Source: | C7: SDCS data collection - MSitAE
B8: Basis: | C8: Provider
B9: Published: | C9: 8th October 2026
B10: Revised:
B11: Status: | C11: Published
B12: Contact: | C12: Kerry Evert - england.aedata@nhs.net
B14: Provider Level Data
E15: A&E Booked Appointment attendances | I15: A&E Booked Appointments attendances greater than 4 hours from arrival to admission, transfer or discharge | M15: A&E Booked Appointments Performance | Y15: A&E Booked Appointment attendances less than 4 hours from arrival to admission, transfer or discharge
B16: Code | C16: Region | D16: Name | E16: Type 1 Departments - Major A&E | F16: Type 2 Departments - Single Specialty | G16: Type 3 Departments - Other A&E/Minor Injury Unit | H16: Total attendances | I16: Type 1 Departments - Major A&E | J16: Type 2 Departments - Single Specialty | K16: Type 3 Departments - Other A&E/Minor Injury Unit | L16: Booked Appointment Attendances > 4 hours | M16: Percentage in 4 hours or less (all) (Booked Appointments Only) | N16: Percentage in 4 hours or less (type 1) (Booked Appointments Only) | O16: Percentage in 4 hours or less (type 2) (Booked Appointments Only) | P16: Percentage in 4 hours or less (type 3) (Booked Appointments Only) | Q16: Percentage in 4 hours or less (All types excluding Booked Appointments) | R16: Percentage in 4 hours or less (All types including Booked Appointments) | Y16: Type 1 Departments - Major A&E | Z16: Type 2 Departments - Single Specialty | AA16: Type 3 Departments - Other A&E/Minor Injury Unit | AB16: Total Attendances < 4 hours | AG16: Total under 4 hour all types | AH16: Total under 4 hours + booked appointments | AI16: Over 4 hours all types | AJ16: Over 4 hours + booked
B17: - | C17: - | D17: England | E17: 27709 | F17: 499 | G17: 46744 | H17: 74952 | I17: 7952 | J17: 59 | K17: 581 | L17: 8592 | M17: 0.88536663 | N17: 0.71301743 | O17: 0.88176353 | P17: 0.9875706 | Q17: 0.73915041 | R17: 0.74363318 | Y17: 19757 | Z17: 440 | AA17: 46163 | AB17: 66360 | AG17: 1751632 | AH17: 1817992 | AI17: 618159 | AJ17: 626751
B19: RC9 | C19: NHS England East Of England | D19: Bedfordshire Hospitals NHS Foundation Trust | E19: 0 | F19: 0 | G19: 0 | H19: 0 | I19: 0 | J19: 0 | K19: 0 | L19: 0 | M19: - | N19: - | O19: - | P19: - | Q19: 0.74451722 | R19: 0.74451722 | S19: NHS Central East Integrated Care Board | Y19: 0 | Z19: 0 | AA19: 0 | AB19: 0 | AG19: 20233 | AH19: 20233 | AI19: 6943 | AJ19: 6943
B20: RGT | C20: NHS England East Of England | D20: Cambridge University Hospitals NHS Foundation Trust | E20: 276 | F20: 0 | G20: 233 | H20: 509 | I20: 73 | J20: 0 | K20: 9 | L20: 82 | M20: 0.8388998 | N20: 0.73550725 | O20: - | P20: 0.96137339 | Q20: 0.68029591 | R20: 0.68479412 | S20: NHS Central East Integrated Care Board | Y20: 203 | Z20: 0 | AA20: 224 | AB20: 427 | AG20: 11863 | AH20: 12290 | AI20: 5575 | AJ20: 5657
B21: RWH | C21: NHS England East Of England | D21: East And North Hertfordshire Teaching NHS Trust | E21: 0 | F21: 0 | G21: 0 | H21: 0 | I21: 0 | J21: 0 | K21: 0 | L21: 0 | M21: - | N21: - | O21: - | P21: - | Q21: 0.72376043 | R21: 0.72376043 | S21: NHS Central East Integrated Care Board | Y21: 0 | Z21: 0 | AA21: 0 | AB21: 0 | AG21: 13619 | AH21: 13619 | AI21: 5198 | AJ21: 5198
B22: RDE | C22: NHS England East Of England | D22: East Suffolk And North Essex NHS Foundation Trust | E22: 0 | F22: 0 | G22: 0 | H22: 0 | I22: 0 | J22: 0 | K22: 0 | L22: 0 | M22: - | N22: - | O22: - | P22: - | Q22: 0.75728608 | R22: 0.75728608 | S22: NHS Norfolk and Suffolk Integrated Care Board | Y22: 0 | Z22: 0 | AA22: 0 | AB22: 0 | AG22: 19488 | AH22: 19488 | AI22: 6246 | AJ22: 6246
B23: RY4 | C23: NHS England East Of England | D23: Hertfordshire Community NHS Trust | E23: 0 | F23: 0 | G23: 0 | H23: 0 | I23: 0 | J23: 0 | K23: 0 | L23: 0 | M23: - | N23: - | O23: - | P23: - | Q23: 0.94476987 | R23: 0.94476987 | S23: NHS Central East Integrated Care Board | Y23: 0 | Z23: 0 | AA23: 0 | AB23: 0 | AG23: 1129 | AH23: 1129 | AI23: 66 | AJ23: 66
B24: DT301 | C24: NHS England East Of England | D24: Herts Urgent Care (Ascots Lane) | E24: 0 | F24: 0 | G24: 0 | H24: 0 | I24: 0 | J24: 0 | K24: 0 | L24: 0 | M24: - | N24: - | O24: - | P24: - | Q24: 0.94845361 | R24: 0.94845361 | S24: NHS Central East Integrated Care Board | Y24: 0 | Z24: 0 | AA24: 0 | AB24: 0 | AG24: 2208 | AH24: 2208 | AI24: 120 | AJ24: 120
B25: RGP | C25: NHS England East Of England | D25: James Paget University Hospitals NHS Foundation Trust | E25: 0 | F25: 0 | G25: 0 | H25: 0 | I25: 0 | J25: 0 | K25: 0 | L25: 0 | M25: - | N25: - | O25: - | P25: - | Q25: 0.65958122 | R25: 0.65958122 | S25: NHS Norfolk and Suffolk Integrated Care Board | Y25: 0 | Z25: 0 | AA25: 0 | AB25: 0 | AG25: 6237 | AH25: 6237 | AI25: 3219 | AJ25: 3219
B26: RAJ | C26: NHS England East Of England | D26: Mid And South Essex NHS Foundation Trust | E26: 33 | F26: 0 | G26: 20 | H26: 53 | I26: 2 | J26: 0 | K26: 0 | L26: 2 | M26: 0.96226415 | N26: 0.93939394 | O26: - | P26: 1 | Q26: 0.69568617 | R26: 0.69606655 | S26: NHS Essex Integrated Care Board | Y26: 31 | Z26: 0 | AA26: 20 | AB26: 51 | AG26: 25803 | AH26: 25854 | AI26: 11287 | AJ26: 11289
B27: RD8 | C27: NHS England East Of England | D27: Milton Keynes University Hospital NHS Foundation Trust | E27: 826 | F27: 0 | G27: 918 | H27: 1744 | I27: 456 | J27: 0 | K27: 68 | L27: 524 | M27: 0.69954128 | N27: 0.44794189 | O27: - | P27: 0.92592593 | Q27: 0.7024542 | R27: 0.70214079 | S27: NHS Central East Integrated Care Board | Y27: 370 | Z27: 0 | AA27: 850 | AB27: 1220 | AG27: 10161 | AH27: 11381 | AI27: 4304 | AJ27: 4828
B28: RM1 | C28: NHS England East Of England | D28: Norfolk And Norwich University Hospitals NHS Foundation Trust | E28: 0 | F28: 0 | G28: 0 | H28: 0 | I28: 0 | J28: 0 | K28: 0 | L28: 0 | M28: - | N28: - | O28: - | P28: - | Q28: 0.798288 | R28: 0.798288 | S28: NHS Norfolk and Suffolk Integrated Care Board | Y28: 0 | Z28: 0 | AA28: 0 | AB28: 0 | AG28: 17346 | AH28: 17346 | AI28: 4383 | AJ28: 4383
B29: RGN | C29: NHS England East Of England | D29: North West Anglia NHS Foundation Trust | E29: 337 | F29: 0 | G29: 284 | H29: 621 | I29: 102 | J29: 0 | K29: 17 | L29: 119 | M29: 0.80837359 | N29: 0.69732938 | O29: - | P29: 0.94014085 | Q29: 0.66354524 | R29: 0.66765728 | S29: NHS Central East Integrated Care Board | Y29: 235 | Z29: 0 | AA29: 267 | AB29: 502 | AG29: 14101 | AH29: 14603 | AI29: 7150 | AJ29: 7269
B30: Y02428 | C30: NHS England East Of England | D30: Putnoe Walk In Centre | E30: 0 | F30: 0 | G30: 0 | H30: 0 | I30: 0 | J30: 0 | K30: 0 | L30: 0 | M30: - | N30: - | O30: - | P30: - | Q30: 1 | R30: 1 | S30: NHS Central East Integrated Care Board | Y30: 0 | Z30: 0 | AA30: 0 | AB30: 0 | AG30: 2335 | AH30: 2335 | AI30: 0 | AJ30: 0
B31: RQW | C31: NHS England East Of England | D31: The Princess Alexandra Hospital NHS Trust | E31: 0 | F31: 0 | G31: 485 | H31: 485 | I31: 0 | J31: 0 | K31: 0 | L31: 0 | M31: 1 | N31: - | O31: - | P31: 1 | Q31: 0.76630723 | R31: 0.77591321 | S31: NHS Essex Integrated Care Board | Y31: 0 | Z31: 0 | AA31: 485 | AB31: 485 | AG31: 8670 | AH31: 9155 | AI31: 2644 | AJ31: 2644
B32: RCX | C32: NHS England East Of England | D32: The Queen Elizabeth Hospital, King's Lynn, NHS Foundation Trust | E32: 0 | F32: 0 | G32: 0 | H32: 0 | I32: 0 | J32: 0 | K32: 0 | L32: 0 | M32: - | N32: - | O32: - | P32: - | Q32: 0.64805244 | R32: 0.64805244 | S32: NHS Norfolk and Suffolk Integrated Care Board | Y32: 0 | Z32: 0 | AA32: 0 | AB32: 0 | AG32: 5141 | AH32: 5141 | AI32: 2792 | AJ32: 2792
B33: RWG | C33: NHS England East Of England | D33: West Hertfordshire Teaching Hospitals NHS Trust | E33: 0 | F33: 0 | G33: 511 | H33: 511 | I33: 0 | J33: 0 | K33: 0 | L33: 0 | M33: 1 | N33: - | O33: - | P33: 1 | Q33: 0.8685205 | R33: 0.87220395 | S33: NHS Central East Integrated Care Board | Y33: 0 | Z33: 0 | AA33: 511 | AB33: 511 | AG33: 15398 | AH33: 15909 | AI33: 2331 | AJ33: 2331
B34: RGR | C34: NHS England East Of England | D34: West Suffolk NHS Foundation Trust | E34: 60 | F34: 0 | G34: 0 | H34: 60 | I34: 0 | J34: 0 | K34: 0 | L34: 0 | M34: 1 | N34: 1 | O34: - | P34: - | Q34: 0.81627553 | R34: 0.81746546 | S34: NHS Norfolk and Suffolk Integrated Care Board | Y34: 60 | Z34: 0 | AA34: 0 | AB34: 60 | AG34: 7513 | AH34: 7573 | AI34: 1691 | AJ34: 1691
B35: G0Q0L | C35: NHS England London | D35: Barking Hospital Utc | E35: 0 | F35: 0 | G35: 0 | H35: 0 | I35: 0 | J35: 0 | K35: 0 | L35: 0 | M35: - | N35: - | O35: - | P35: - | Q35: 0.98890045 | R35: 0.98890045 | S35: NHS North East London Integrated Care Board | Y35: 0 | Z35: 0 | AA35: 0 | AB35: 0 | AG35: 2851 | AH35: 2851 | AI35: 32 | AJ35: 32
B36: RF4 | C36: NHS England London | D36: Barking, Havering And Redbridge University Hospitals NHS Trust | E36: 0 | F36: 0 | G36: 0 | H36: 0 | I36: 0 | J36: 0 | K36: 0 | L36: 0 | M36: - | N36: - | O36: - | P36: - | Q36: 0.81691557 | R36: 0.81691557 | S36: NHS North East London Integrated Care Board | Y36: 0 | Z36: 0 | AA36: 0 | AB36: 0 | AG36: 26803 | AH36: 26803 | AI36: 6007 | AJ36: 6007
B37: R1H | C37: NHS England London | D37: Barts Health NHS Trust | E37: 0 | F37: 0 | G37: 0 | H37: 0 | I37: 0 | J37: 0 | K37: 0 | L37: 0 | M37: - | N37: - | O37: - | P37: - | Q37: 0.74006403 | R37: 0.74006403 | S37: NHS North East London Integrated Care Board | Y37: 0 | Z37: 0 | AA37: 0 | AB37: 0 | AG37: 34672 | AH37: 34672 | AI37: 12178 | AJ37: 12178
B38: AD913 | C38: NHS England London | D38: Beckenham Beacon Ucc | E38: 0 | F38: 0 | G38: 213 | H38: 213 | I38: 0 | J38: 0 | K38: 0 | L38: 0 | M38: 1 | N38: - | O38: - | P38: 1 | Q38: 0.99602611 | R38: 0.99625268 | S38: NHS South East London Integrated Care Board | Y38: 0 | Z38: 0 | AA38: 213 | AB38: 213 | AG38: 3509 | AH38: 3722 | AI38: 14 | AJ38: 14
B39: RYX | C39: NHS England London | D39: Central London Community Healthcare NHS Trust | E39: 0 | F39: 0 | G39: 786 | H39: 786 | I39: 0 | J39: 0 | K39: 25 | L39: 25 | M39: 0.96819338 | N39: - | O39: - | P39: 0.96819338 | Q39: 0.97289713 | R39: 0.97263907 | S39: NHS West and North London Integrated Care Board | Y39: 0 | Z39: 0 | AA39: 761 | AB39: 761 | AG39: 13174 | AH39: 13935 | AI39: 367 | AJ39: 392
B40: RQM | C40: NHS England London | D40: Chelsea And Westminster Hospital NHS Foundation Trust | E40: 584 | F40: 0 | G40: 0 | H40: 584 | I40: 0 | J40: 0 | K40: 0 | L40: 0 | M40: 1 | N40: 1 | O40: - | P40: - | Q40: 0.77509313 | R40: 0.77965866 | S40: NHS West and North London Integrated Care Board | Y40: 584 | Z40: 0 | AA40: 0 | AB40: 584 | AG40: 21846 | AH40: 22430 | AI40: 6339 | AJ40: 6339
B41: RJ6 | C41: NHS England London | D41: Croydon Health Services NHS Trust | E41: 0 | F41: 0 | G41: 0 | H41: 0 | I41: 0 | J41: 0 | K41: 0 | L41: 0 | M41: - | N41: - | O41: - | P41: - | Q41: 0.72406695 | R41: 0.72406695 | S41: NHS South West London Integrated Care Board | Y41: 0 | Z41: 0 | AA41: 0 | AB41: 0 | AG41: 13367 | AH41: 13367 | AI41: 5094 | AJ41: 5094
B42: RVR | C42: NHS England London | D42: Epsom And St Helier University Hospitals NHS Trust | E42: 3 | F42: 0 | G42: 0 | H42: 3 | I42: 0 | J42: 0 | K42: 0 | L42: 0 | M42: 1 | N42: 1 | O42: - | P42: - | Q42: 0.70836768 | R42: 0.70842778 | S42: NHS South West London Integrated Care Board | Y42: 3 | Z42: 0 | AA42: 0 | AB42: 3 | AG42: 10311 | AH42: 10314 | AI42: 4245 | AJ42: 4245
B43: RJ1 | C43: NHS England London | D43: Guy's And St Thomas' NHS Foundation Trust | E43: 0 | F43: 0 | G43: 0 | H43: 0 | I43: 0 | J43: 0 | K43: 0 | L43: 0 | M43: - | N43: - | O43: - | P43: - | Q43: 0.75441667 | R43: 0.75441667 | S43: NHS South East London Integrated Care Board | Y43: 0 | Z43: 0 | AA43: 0 | AB43: 0 | AG43: 13793 | AH43: 13793 | AI43: 4490 | AJ43: 4490
B44: K6K0R | C44: NHS England London | D44: Harold Wood Polyclinic Utc | E44: 0 | F44: 0 | G44: 0 | H44: 0 | I44: 0 | J44: 0 | K44: 0 | L44: 0 | M44: - | N44: - | O44: - | P44: - | Q44: 0.9909157 | R44: 0.9909157 | S44: NHS North East London Integrated Care Board | Y44: 0 | Z44: 0 | AA44: 0 | AB44: 0 | AG44: 2727 | AH44: 2727 | AI44: 25 | AJ44: 25
B45: RQX | C45: NHS England London | D45: Homerton Healthcare NHS Foundation Trust | E45: 0 | F45: 0 | G45: 0 | H45: 0 | I45: 0 | J45: 0 | K45: 0 | L45: 0 | M45: - | N45: - | O45: - | P45: - | Q45: 0.7848675 | R45: 0.7848675 | S45: NHS North East London Integrated Care Board | Y45: 0 | Z45: 0 | AA45: 0 | AB45: 0 | AG45: 9004 | AH45: 9004 | AI45: 2468 | AJ45: 2468
B46: RYJ | C46: NHS England London | D46: Imperial College Healthcare NHS Trust | E46: 0 | F46: 0 | G46: 526 | H46: 526 | I46: 0 | J46: 0 | K46: 0 | L46: 0 | M46: 1 | N46: - | O46: - | P46: 1 | Q46: 0.74943962 | R46: 0.75469816 | S46: NHS West and North London Integrated Care Board | Y46: 0 | Z46: 0 | AA46: 526 | AB46: 526 | AG46: 18389 | AH46: 18915 | AI46: 6148 | AJ46: 6148
B47: RJZ | C47: NHS England London | D47: King's College Hospital NHS Foundation Trust | E47: 49 | F47: 0 | G47: 436 | H47: 485 | I47: 15 | J47: 0 | K47: 0 | L47: 15 | M47: 0.96907216 | N47: 0.69387755 | O47: - | P47: 1 | Q47: 0.68659602 | R47: 0.69159971 | S47: NHS South East London Integrated Care Board | Y47: 34 | Z47: 0 | AA47: 436 | AB47: 470 | AG47: 18466 | AH47: 18936 | AI47: 8429 | AJ47: 8444
B48: RAX | C48: NHS England London | D48: Kingston And Richmond NHS Foundation Trust | E48: 0 | F48: 0 | G48: 0 | H48: 0 | I48: 0 | J48: 0 | K48: 0 | L48: 0 | M48: - | N48: - | O48: - | P48: - | Q48: 0.69363732 | R48: 0.69363732 | S48: NHS South West London Integrated Care Board | Y48: 0 | Z48: 0 | AA48: 0 | AB48: 0 | AG48: 11196 | AH48: 11196 | AI48: 4945 | AJ48: 4945
B49: RJ2 | C49: NHS England London | D49: Lewisham And Greenwich NHS Trust | E49: 0 | F49: 0 | G49: 962 | H49: 962 | I49: 0 | J49: 0 | K49: 8 | L49: 8 | M49: 0.99168399 | N49: - | O49: - | P49: 0.99168399 | Q49: 0.70287842 | R49: 0.71111704 | S49: NHS South East London Integrated Care Board | Y49: 0 | Z49: 0 | AA49: 954 | AB49: 954 | AG49: 23027 | AH49: 23981 | AI49: 9734 | AJ49: 9742
B50: R1K | C50: NHS England London | D50: London North West University Healthcare NHS Trust | E50: 0 | F50: 0 | G50: 0 | H50: 0 | I50: 0 | J50: 0 | K50: 0 | L50: 0 | M50: - | N50: - | O50: - | P50: - | Q50: 0.75418726 | R50: 0.75418726 | S50: NHS West and North London Integrated Care Board | Y50: 0 | Z50: 0 | AA50: 0 | AB50: 0 | AG50: 23505 | AH50: 23505 | AI50: 7661 | AJ50: 7661
B51: RP6 | C51: NHS England London | D51: Moorfields Eye Hospital NHS Foundation Trust | E51: 0 | F51: 0 | G51: 0 | H51: 0 | I51: 0 | J51: 0 | K51: 0 | L51: 0 | M51: - | N51: - | O51: - | P51: - | Q51: 0.9263206 | R51: 0.9263206 | S51: NHS West and North London Integrated Care Board | Y51: 0 | Z51: 0 | AA51: 0 | AB51: 0 | AG51: 6085 | AH51: 6085 | AI51: 484 | AJ51: 484
B52: RAT | C52: NHS England London | D52: North East London NHS Foundation Trust | E52: 0 | F52: 0 | G52: 0 | H52: 0 | I52: 0 | J52: 0 | K52: 0 | L52: 0 | M52: - | N52: - | O52: - | P52: - | Q52: 0.98277983 | R52: 0.98277983 | S52: NHS North East London Integrated Care Board | Y52: 0 | Z52: 0 | AA52: 0 | AB52: 0 | AG52: 1598 | AH52: 1598 | AI52: 28 | AJ52: 28
B53: RAL | C53: NHS England London | D53: Royal Free London NHS Foundation Trust | E53: 169 | F53: 4 | G53: 219 | H53: 392 | I53: 36 | J53: 0 | K53: 12 | L53: 48 | M53: 0.87755102 | N53: 0.78698225 | O53: 1 | P53: 0.94520548 | Q53: 0.8003087 | R53: 0.80098013 | S53: NHS West and North London Integrated Care Board | Y53: 133 | Z53: 4 | AA53: 207 | AB53: 344 | AG53: 35777 | AH53: 36121 | AI53: 8927 | AJ53: 8975
B54: RAN | C54: NHS England London | D54: Royal National Orthopaedic Hospital NHS Trust | E54: 0 | F54: 0 | G54: 0 | H54: 0 | I54: 0 | J54: 0 | K54: 0 | L54: 0 | M54: - | N54: - | O54: - | P54: - | Q54: - | R54: - | S54: NHS West and North London Integrated Care Board | Y54: 0 | Z54: 0 | AA54: 0 | AB54: 0 | AG54: 0 | AH54: 0 | AI54: 0 | AJ54: 0
B55: RJ7 | C55: NHS England London | D55: St George's University Hospitals NHS Foundation Trust | E55: 453 | F55: 0 | G55: 0 | H55: 453 | I55: 82 | J55: 0 | K55: 0 | L55: 82 | M55: 0.81898455 | N55: 0.81898455 | O55: - | P55: - | Q55: 0.78094331 | R55: 0.78216488 | S55: NHS South West London Integrated Care Board | Y55: 371 | Z55: 0 | AA55: 0 | AB55: 371 | AG55: 10663 | AH55: 11034 | AI55: 2991 | AJ55: 3073
B56: RAS | C56: NHS England London | D56: The Hillingdon Hospitals NHS Foundation Trust | E56: 0 | F56: 0 | G56: 0 | H56: 0 | I56: 0 | J56: 0 | K56: 0 | L56: 0 | M56: - | N56: - | O56: - | P56: - | Q56: 0.81852028 | R56: 0.81852028 | S56: NHS West and North London Integrated Care Board | Y56: 0 | Z56: 0 | AA56: 0 | AB56: 0 | AG56: 10333 | AH56: 10333 | AI56: 2291 | AJ56: 2291
B57: RRV | C57: NHS England London | D57: University College London Hospitals NHS Foundation Trust | E57: 478 | F57: 0 | G57: 0 | H57: 478 | I57: 0 | J57: 0 | K57: 0 | L57: 0 | M57: 1 | N57: 1 | O57: - | P57: - | Q57: 0.73799745 | R57: 0.74657534 | S57: NHS West and North London Integrated Care Board | Y57: 478 | Z57: 0 | AA57: 0 | AB57: 478 | AG57: 10422 | AH57: 10900 | AI57: 3700 | AJ57: 3700
B58: RKE | C58: NHS England London | D58: Whittington Health NHS Trust | E58: 0 | F58: 0 | G58: 0 | H58: 0 | I58: 0 | J58: 0 | K58: 0 | L58: 0 | M58: - | N58: - | O58: - | P58: - | Q58: 0.72146166 | R58: 0.72146166 | S58: NHS West and North London Integrated Care Board | Y58: 0 | Z58: 0 | AA58: 0 | AB58: 0 | AG58: 7009 | AH58: 7009 | AI58: 2706 | AJ58: 2706
B59: RQ3 | C59: NHS England Midlands | D59: Birmingham Women's And Children's NHS Foundation Trust | E59: 0 | F59: 0 | G59: 0 | H59: 0 | I59: 0 | J59: 0 | K59: 0 | L59: 0 | M59: - | N59: - | O59: - | P59: - | Q59: 0.7824647 | R59: 0.7824647 | S59: NHS Birmingham And Solihull Integrated Care Board | Y59: 0 | Z59: 0 | AA59: 0 | AB59: 0 | AG59: 4489 | AH59: 4489 | AI59: 1248 | AJ59: 1248
B60: RFS | C60: NHS England Midlands | D60: Chesterfield Royal Hospital NHS Foundation Trust | E60: 0 | F60: 0 | G60: 0 | H60: 0 | I60: 0 | J60: 0 | K60: 0 | L60: 0 | M60: - | N60: - | O60: - | P60: - | Q60: 0.71775392 | R60: 0.71775392 | S60: NHS Derby And Derbyshire Integrated Care Board | Y60: 0 | Z60: 0 | AA60: 0 | AB60: 0 | AG60: 8692 | AH60: 8692 | AI60: 3418 | AJ60: 3418
B61: RYG | C61: NHS England Midlands | D61: Coventry And Warwickshire Partnership NHS Trust | E61: 0 | F61: 0 | G61: 0 | H61: 0 | I61: 0 | J61: 0 | K61: 0 | L61: 0 | M61: - | N61: - | O61: - | P61: - | Q61: - | R61: - | S61: NHS Coventry And Warwickshire Integrated Care Board | Y61: 0 | Z61: 0 | AA61: 0 | AB61: 0 | AG61: 0 | AH61: 0 | AI61: 0 | AJ61: 0
B62: RY8 | C62: NHS England Midlands | D62: Derbyshire Community Health Services NHS Foundation Trust | E62: 0 | F62: 0 | G62: 1426 | H62: 1426 | I62: 0 | J62: 0 | K62: 19 | L62: 19 | M62: 0.98667602 | N62: - | O62: - | P62: 0.98667602 | Q62: 0.93056795 | R62: 0.94038273 | S62: NHS Derby And Derbyshire Integrated Care Board | Y62: 0 | Z62: 0 | AA62: 1407 | AB62: 1407 | AG62: 6259 | AH62: 7666 | AI62: 467 | AJ62: 486
B63: NNJ | C63: NHS England Midlands | D63: Dhu Health Care C.I.C | E63: 0 | F63: 0 | G63: 0 | H63: 0 | I63: 0 | J63: 0 | K63: 0 | L63: 0 | M63: - | N63: - | O63: - | P63: - | Q63: 0.99947589 | R63: 0.99947589 | S63: NHS Derby And Derbyshire Integrated Care Board | Y63: 0 | Z63: 0 | AA63: 0 | AB63: 0 | AG63: 1907 | AH63: 1907 | AI63: 1 | AJ63: 1
B64: NNJ10 | C64: NHS England Midlands | D64: Enderby Leisure Centre | E64: 0 | F64: 0 | G64: 317 | H64: 317 | I64: 0 | J64: 0 | K64: 0 | L64: 0 | M64: 1 | N64: - | O64: - | P64: 1 | Q64: - | R64: 1 | S64: NHS Leicester, Leicestershire And Rutland Integrated Care Board | Y64: 0 | Z64: 0 | AA64: 317 | AB64: 317 | AG64: 0 | AH64: 317 | AI64: 0 | AJ64: 0
B65: RLT | C65: NHS England Midlands | D65: George Eliot Hospital NHS Trust | E65: 0 | F65: 0 | G65: 0 | H65: 0 | I65: 0 | J65: 0 | K65: 0 | L65: 0 | M65: - | N65: - | O65: - | P65: - | Q65: 0.86726039 | R65: 0.86726039 | S65: NHS Coventry And Warwickshire Integrated Care Board | Y65: 0 | Z65: 0 | AA65: 0 | AB65: 0 | AG65: 8180 | AH65: 8180 | AI65: 1252 | AJ65: 1252
B66: RNQ | C66: NHS England Midlands | D66: Kettering General Hospital NHS Foundation Trust | E66: 0 | F66: 0 | G66: 0 | H66: 0 | I66: 0 | J66: 0 | K66: 0 | L66: 0 | M66: - | N66: - | O66: - | P66: - | Q66: 0.78204359 | R66: 0.78204359 | S66: NHS Northamptonshire Integrated Care Board | Y66: 0 | Z66: 0 | AA66: 0 | AB66: 0 | AG66: 15644 | AH66: 15644 | AI66: 4360 | AJ66: 4360
B67: C82038 | C67: NHS England Midlands | D67: Latham House Medical Practice | E67: 0 | F67: 0 | G67: 0 | H67: 0 | I67: 0 | J67: 0 | K67: 0 | L67: 0 | M67: - | N67: - | O67: - | P67: - | Q67: 1 | R67: 1 | S67: NHS Leicester, Leicestershire And Rutland Integrated Care Board | Y67: 0 | Z67: 0 | AA67: 0 | AB67: 0 | AG67: 384 | AH67: 384 | AI67: 0 | AJ67: 0
B68: RY5 | C68: NHS England Midlands | D68: Lincolnshire Community Health Services NHS Trust | E68: 0 | F68: 0 | G68: 0 | H68: 0 | I68: 0 | J68: 0 | K68: 0 | L68: 0 | M68: - | N68: - | O68: - | P68: - | Q68: 0.97557722 | R68: 0.97557722 | S68: NHS Lincolnshire Integrated Care Board | Y68: 0 | Z68: 0 | AA68: 0 | AB68: 0 | AG68: 9507 | AH68: 9507 | AI68: 238 | AJ68: 238
B69: NNJ0H | C69: NHS England Midlands | D69: Llr Ea - The Merlyn Vaz Health & Social Care Centre | E69: 0 | F69: 0 | G69: 2427 | H69: 2427 | I69: 0 | J69: 0 | K69: 0 | L69: 0 | M69: 1 | N69: - | O69: - | P69: 1 | Q69: 1 | R69: 1 | S69: NHS Leicester, Leicestershire And Rutland Integrated Care Board | Y69: 0 | Z69: 0 | AA69: 2427 | AB69: 2427 | AG69: 249 | AH69: 2676 | AI69: 0 | AJ69: 0
B70: NNJ07 | C70: NHS England Midlands | D70: Loughborough Urgent Care Centre | E70: 0 | F70: 0 | G70: 1958 | H70: 1958 | I70: 0 | J70: 0 | K70: 19 | L70: 19 | M70: 0.99029622 | N70: - | O70: - | P70: 0.99029622 | Q70: 0.99439633 | R70: 0.99337326 | S70: NHS Leicester, Leicestershire And Rutland Integrated Care Board | Y70: 0 | Z70: 0 | AA70: 1939 | AB70: 1939 | AG70: 5856 | AH70: 7795 | AI70: 33 | AJ70: 52
B71: NNJ11 | C71: NHS England Midlands | D71: Lutterworth Hospital | E71: 0 | F71: 0 | G71: 139 | H71: 139 | I71: 0 | J71: 0 | K71: 0 | L71: 0 | M71: 1 | N71: - | O71: - | P71: 1 | Q71: - | R71: 1 | S71: NHS Leicester, Leicestershire And Rutland Integrated Care Board | Y71: 0 | Z71: 0 | AA71: 139 | AB71: 139 | AG71: 0 | AH71: 139 | AI71: 0 | AJ71: 0
B72: NNJ12 | C72: NHS England Midlands | D72: Market Harborough | E72: 0 | F72: 0 | G72: 298 | H72: 298 | I72: 0 | J72: 0 | K72: 0 | L72: 0 | M72: 1 | N72: - | O72: - | P72: 1 | Q72: - | R72: 1 | S72: NHS Leicester, Leicestershire And Rutland Integrated Care Board | Y72: 0 | Z72: 0 | AA72: 298 | AB72: 298 | AG72: 0 | AH72: 298 | AI72: 0 | AJ72: 0
B73: C82009 | C73: NHS England Midlands | D73: Market Harborough Med.Ctr | E73: 0 | F73: 0 | G73: 0 | H73: 0 | I73: 0 | J73: 0 | K73: 0 | L73: 0 | M73: - | N73: - | O73: - | P73: - | Q73: 1 | R73: 1 | S73: NHS Leicester, Leicestershire And Rutland Integrated Care Board | Y73: 0 | Z73: 0 | AA73: 0 | AB73: 0 | AG73: 323 | AH73: 323 | AI73: 0 | AJ73: 0
B74: NNJ13 | C74: NHS England Midlands | D74: Melton Mowbray | E74: 0 | F74: 0 | G74: 408 | H74: 408 | I74: 0 | J74: 0 | K74: 0 | L74: 0 | M74: 1 | N74: - | O74: - | P74: 1 | Q74: - | R74: 1 | S74: NHS Leicester, Leicestershire And Rutland Integrated Care Board | Y74: 0 | Z74: 0 | AA74: 408 | AB74: 408 | AG74: 0 | AH74: 408 | AI74: 0 | AJ74: 0
B75: RNS | C75: NHS England Midlands | D75: Northampton General Hospital NHS Trust | E75: 0 | F75: 0 | G75: 0 | H75: 0 | I75: 0 | J75: 0 | K75: 0 | L75: 0 | M75: - | N75: - | O75: - | P75: - | Q75: 0.6935382 | R75: 0.6935382 | S75: NHS Northamptonshire Integrated Care Board | Y75: 0 | Z75: 0 | AA75: 0 | AB75: 0 | AG75: 9885 | AH75: 9885 | AI75: 4368 | AJ75: 4368
B76: RX1 | C76: NHS England Midlands | D76: Nottingham University Hospitals NHS Trust | E76: 0 | F76: 0 | G76: 500 | H76: 500 | I76: 0 | J76: 0 | K76: 1 | L76: 1 | M76: 0.998 | N76: - | O76: - | P76: 0.998 | Q76: 0.65614125 | R76: 0.66229001 | S76: NHS Nottingham And Nottinghamshire Integrated Care Board | Y76: 0 | Z76: 0 | AA76: 499 | AB76: 499 | AG76: 17912 | AH76: 18411 | AI76: 9387 | AJ76: 9388
B77: NNJ14 | C77: NHS England Midlands | D77: Oadby | E77: 0 | F77: 0 | G77: 3222 | H77: 3222 | I77: 0 | J77: 0 | K77: 1 | L77: 1 | M77: 0.99968963 | N77: - | O77: - | P77: 0.99968963 | Q77: 1 | R77: 0.99973924 | S77: NHS Leicester, Leicestershire And Rutland Integrated Care Board | Y77: 0 | Z77: 0 | AA77: 3221 | AB77: 3221 | AG77: 613 | AH77: 3834 | AI77: 0 | AJ77: 1
B78: NNJ15 | C78: NHS England Midlands | D78: Rutland Minor Illness And Injury Service (Formerly Wlhh Pre-April 2026) | E78: 0 | F78: 0 | G78: 370 | H78: 370 | I78: 0 | J78: 0 | K78: 0 | L78: 0 | M78: 1 | N78: - | O78: - | P78: 1 | Q78: 1 | R78: 1 | S78: NHS Leicester, Leicestershire And Rutland Integrated Care Board | Y78: 0 | Z78: 0 | AA78: 370 | AB78: 370 | AG78: 253 | AH78: 623 | AI78: 0 | AJ78: 0
B79: RXK | C79: NHS England Midlands | D79: Sandwell And West Birmingham Hospitals NHS Trust | E79: 361 | F79: 0 | G79: 0 | H79: 361 | I79: 150 | J79: 0 | K79: 0 | L79: 150 | M79: 0.58448753 | N79: 0.58448753 | O79: - | P79: - | Q79: 0.7473979 | R79: 0.74469843 | S79: NHS Black Country Integrated Care Board | Y79: 211 | Z79: 0 | AA79: 0 | AB79: 211 | AG79: 16013 | AH79: 16224 | AI79: 5412 | AJ79: 5562
B80: RK5 | C80: NHS England Midlands | D80: Sherwood Forest Hospitals NHS Foundation Trust | E80: 0 | F80: 0 | G80: 0 | H80: 0 | I80: 0 | J80: 0 | K80: 0 | L80: 0 | M80: - | N80: - | O80: - | P80: - | Q80: 0.74374345 | R80: 0.74374345 | S80: NHS Nottingham And Nottinghamshire Integrated Care Board | Y80: 0 | Z80: 0 | AA80: 0 | AB80: 0 | AG80: 12779 | AH80: 12779 | AI80: 4403 | AJ80: 4403
B81: R1D | C81: NHS England Midlands | D81: Shropshire Community Health NHS Trust | E81: 0 | F81: 0 | G81: 0 | H81: 0 | I81: 0 | J81: 0 | K81: 0 | L81: 0 | M81: - | N81: - | O81: - | P81: - | Q81: 0.99585177 | R81: 0.99585177 | S81: NHS Shropshire, Telford And Wrekin Integrated Care Board | Y81: 0 | Z81: 0 | AA81: 0 | AB81: 0 | AG81: 3601 | AH81: 3601 | AI81: 15 | AJ81: 15
B82: C83023 | C82: NHS England Midlands | D82: Sleaford Medical Group | E82: 0 | F82: 0 | G82: 0 | H82: 0 | I82: 0 | J82: 0 | K82: 0 | L82: 0 | M82: - | N82: - | O82: - | P82: - | Q82: 1 | R82: 1 | S82: NHS Lincolnshire Integrated Care Board | Y82: 0 | Z82: 0 | AA82: 0 | AB82: 0 | AG82: 462 | AH82: 462 | AI82: 0 | AJ82: 0
B83: RJC | C83: NHS England Midlands | D83: South Warwickshire University NHS Foundation Trust | E83: 0 | F83: 0 | G83: 0 | H83: 0 | I83: 0 | J83: 0 | K83: 0 | L83: 0 | M83: - | N83: - | O83: - | P83: - | Q83: 0.69380316 | R83: 0.69380316 | S83: NHS Coventry And Warwickshire Integrated Care Board | Y83: 0 | Z83: 0 | AA83: 0 | AB83: 0 | AG83: 6281 | AH83: 6281 | AI83: 2772 | AJ83: 2772
B84: RNA | C84: NHS England Midlands | D84: The Dudley Group NHS Foundation Trust | E84: 0 | F84: 0 | G84: 480 | H84: 480 | I84: 0 | J84: 0 | K84: 0 | L84: 0 | M84: 1 | N84: - | O84: - | P84: 1 | Q84: 0.79652707 | R84: 0.80296736 | S84: NHS Black Country Integrated Care Board | Y84: 0 | Z84: 0 | AA84: 480 | AB84: 480 | AG84: 11697 | AH84: 12177 | AI84: 2988 | AJ84: 2988
B85: RL1 | C85: NHS England Midlands | D85: The Robert Jones And Agnes Hunt Orthopaedic Hospital NHS Foundation Trust | E85: 0 | F85: 0 | G85: 0 | H85: 0 | I85: 0 | J85: 0 | K85: 0 | L85: 0 | M85: - | N85: - | O85: - | P85: - | Q85: - | R85: - | S85: NHS Shropshire, Telford And Wrekin Integrated Care Board | Y85: 0 | Z85: 0 | AA85: 0 | AB85: 0 | AG85: 0 | AH85: 0 | AI85: 0 | AJ85: 0
B86: RL4 | C86: NHS England Midlands | D86: The Royal Wolverhampton NHS Trust | E86: 377 | F86: 6 | G86: 620 | H86: 1003 | I86: 61 | J86: 0 | K86: 0 | L86: 61 | M86: 0.93918245 | N86: 0.83819629 | O86: 1 | P86: 1 | Q86: 0.79285069 | R86: 0.79986616 | S86: NHS Black Country Integrated Care Board | Y86: 316 | Z86: 6 | AA86: 620 | AB86: 942 | AG86: 15792 | AH86: 16734 | AI86: 4126 | AJ86: 4187
B87: RXW | C87: NHS England Midlands | D87: The Shrewsbury And Telford Hospital NHS Trust | E87: 0 | F87: 0 | G87: 0 | H87: 0 | I87: 0 | J87: 0 | K87: 0 | L87: 0 | M87: - | N87: - | O87: - | P87: - | Q87: 0.51001046 | R87: 0.51001046 | S87: NHS Shropshire, Telford And Wrekin Integrated Care Board | Y87: 0 | Z87: 0 | AA87: 0 | AB87: 0 | AG87: 7311 | AH87: 7311 | AI87: 7024 | AJ87: 7024
B88: RWD | C88: NHS England Midlands | D88: United Lincolnshire Teaching Hospitals NHS Trust | E88: 0 | F88: 0 | G88: 0 | H88: 0 | I88: 0 | J88: 0 | K88: 0 | L88: 0 | M88: - | N88: - | O88: - | P88: - | Q88: 0.68770432 | R88: 0.68770432 | S88: NHS Lincolnshire Integrated Care Board | Y88: 0 | Z88: 0 | AA88: 0 | AB88: 0 | AG88: 15146 | AH88: 15146 | AI88: 6878 | AJ88: 6878
B89: RRK | C89: NHS England Midlands | D89: University Hospitals Birmingham NHS Foundation Trust | E89: 0 | F89: 0 | G89: 246 | H89: 246 | I89: 0 | J89: 0 | K89: 5 | L89: 5 | M89: 0.9796748 | N89: - | O89: - | P89: 0.9796748 | Q89: 0.68802505 | R89: 0.6895354 | S89: NHS Birmingham And Solihull Integrated Care Board | Y89: 0 | Z89: 0 | AA89: 241 | AB89: 241 | AG89: 32514 | AH89: 32755 | AI89: 14743 | AJ89: 14748
B90: RKB | C90: NHS England Midlands | D90: University Hospitals Coventry And Warwickshire NHS Trust | E90: 0 | F90: 0 | G90: 0 | H90: 0 | I90: 0 | J90: 0 | K90: 0 | L90: 0 | M90: - | N90: - | O90: - | P90: - | Q90: 0.75341649 | R90: 0.75341649 | S90: NHS Coventry And Warwickshire Integrated Care Board | Y90: 0 | Z90: 0 | AA90: 0 | AB90: 0 | AG90: 16429 | AH90: 16429 | AI90: 5377 | AJ90: 5377
B91: RTG | C91: NHS England Midlands | D91: University Hospitals Of Derby And Burton NHS Foundation Trust | E91: 1633 | F91: 0 | G91: 46 | H91: 1679 | I91: 387 | J91: 0 | K91: 0 | L91: 387 | M91: 0.76950566 | N91: 0.76301286 | O91: - | P91: 1 | Q91: 0.6701346 | R91: 0.67527823 | S91: NHS Derby And Derbyshire Integrated Care Board | Y91: 1246 | Z91: 0 | AA91: 46 | AB91: 1292 | AG91: 20612 | AH91: 21904 | AI91: 10146 | AJ91: 10533
B92: RWE | C92: NHS England Midlands | D92: University Hospitals Of Leicester NHS Trust | E92: 0 | F92: 0 | G92: 0 | H92: 0 | I92: 0 | J92: 0 | K92: 0 | L92: 0 | M92: - | N92: - | O92: - | P92: - | Q92: 0.62083491 | R92: 0.62083491 | S92: NHS Leicester, Leicestershire And Rutland Integrated Care Board | Y92: 0 | Z92: 0 | AA92: 0 | AB92: 0 | AG92: 16359 | AH92: 16359 | AI92: 9991 | AJ92: 9991
B93: RJE | C93: NHS England Midlands | D93: University Hospitals Of North Midlands NHS Trust | E93: 609 | F93: 0 | G93: 525 | H93: 1134 | I93: 338 | J93: 0 | K93: 22 | L93: 360 | M93: 0.68253968 | N93: 0.44499179 | O93: - | P93: 0.95809524 | Q93: 0.65937023 | R93: 0.66037953 | S93: NHS Staffordshire And Stoke-On-Trent Integrated Care Board | Y93: 271 | Z93: 0 | AA93: 503 | AB93: 774 | AG93: 16417 | AH93: 17191 | AI93: 8481 | AJ93: 8841
B94: RBK | C94: NHS England Midlands | D94: Walsall Healthcare NHS Trust | E94: 61 | F94: 0 | G94: 140 | H94: 201 | I94: 13 | J94: 0 | K94: 0 | L94: 13 | M94: 0.93532338 | N94: 0.78688525 | O94: - | P94: 1 | Q94: 0.75046135 | R94: 0.75296656 | S94: NHS Black Country Integrated Care Board | Y94: 48 | Z94: 0 | AA94: 140 | AB94: 188 | AG94: 10980 | AH94: 11168 | AI94: 3651 | AJ94: 3664
B95: RWP | C95: NHS England Midlands | D95: Worcestershire Acute Hospitals NHS Trust | E95: 0 | F95: 0 | G95: 0 | H95: 0 | I95: 0 | J95: 0 | K95: 0 | L95: 0 | M95: - | N95: - | O95: - | P95: - | Q95: 0.66497486 | R95: 0.66497486 | S95: NHS Herefordshire And Worcestershire Integrated Care Board | Y95: 0 | Z95: 0 | AA95: 0 | AB95: 0 | AG95: 14019 | AH95: 14019 | AI95: 7063 | AJ95: 7063
B96: RLQ | C96: NHS England Midlands | D96: Wye Valley NHS Trust | E96: 79 | F96: 0 | G96: 0 | H96: 79 | I96: 17 | J96: 0 | K96: 0 | L96: 17 | M96: 0.78481013 | N96: 0.78481013 | O96: - | P96: - | Q96: 0.6513835 | R96: 0.65277778 | S96: NHS Herefordshire And Worcestershire Integrated Care Board | Y96: 62 | Z96: 0 | AA96: 0 | AB96: 62 | AG96: 4873 | AH96: 4935 | AI96: 2608 | AJ96: 2625
B97: RCF | C97: NHS England North East And Yorkshire | D97: Airedale NHS Foundation Trust | E97: 415 | F97: 0 | G97: 0 | H97: 415 | I97: 0 | J97: 0 | K97: 0 | L97: 0 | M97: 1 | N97: 1 | O97: - | P97: - | Q97: 0.59388646 | R97: 0.61857331 | S97: NHS West Yorkshire Integrated Care Board | Y97: 415 | Z97: 0 | AA97: 0 | AB97: 415 | AG97: 3808 | AH97: 4223 | AI97: 2604 | AJ97: 2604
B98: RFF | C98: NHS England North East And Yorkshire | D98: Barnsley Hospital NHS Foundation Trust | E98: 12 | F98: 0 | G98: 0 | H98: 12 | I98: 0 | J98: 0 | K98: 0 | L98: 0 | M98: 1 | N98: 1 | O98: - | P98: - | Q98: 0.71237359 | R98: 0.71271539 | S98: NHS South Yorkshire Integrated Care Board | Y98: 12 | Z98: 0 | AA98: 0 | AB98: 12 | AG98: 7185 | AH98: 7197 | AI98: 2901 | AJ98: 2901
B99: RAE | C99: NHS England North East And Yorkshire | D99: Bradford Teaching Hospitals NHS Foundation Trust | E99: 0 | F99: 0 | G99: 0 | H99: 0 | I99: 0 | J99: 0 | K99: 0 | L99: 0 | M99: - | N99: - | O99: - | P99: - | Q99: 0.82138248 | R99: 0.82138248 | S99: NHS West Yorkshire Integrated Care Board | Y99: 0 | Z99: 0 | AA99: 0 | AB99: 0 | AG99: 11455 | AH99: 11455 | AI99: 2491 | AJ99: 2491
B100: NNF09 | C100: NHS England North East And Yorkshire | D100: Bransholme Health Centre | E100: 0 | F100: 0 | G100: 0 | H100: 0 | I100: 0 | J100: 0 | K100: 0 | L100: 0 | M100: - | N100: - | O100: - | P100: - | Q100: 0.86699779 | R100: 0.86699779 | S100: NHS Humber And North Yorkshire Integrated Care Board | Y100: 0 | Z100: 0 | AA100: 0 | AB100: 0 | AG100: 3142 | AH100: 3142 | AI100: 482 | AJ100: 482
B101: NNF16 | C101: NHS England North East And Yorkshire | D101: Bridlington Hospital | E101: 0 | F101: 0 | G101: 0 | H101: 0 | I101: 0 | J101: 0 | K101: 0 | L101: 0 | M101: - | N101: - | O101: - | P101: - | Q101: 0.94451962 | R101: 0.94451962 | S101: NHS Humber And North Yorkshire Integrated Care Board | Y101: 0 | Z101: 0 | AA101: 0 | AB101: 0 | AG101: 1396 | AH101: 1396 | AI101: 82 | AJ101: 82
B102: RWY | C102: NHS England North East And Yorkshire | D102: Calderdale And Huddersfield NHS Foundation Trust | E102: 0 | F102: 0 | G102: 0 | H102: 0 | I102: 0 | J102: 0 | K102: 0 | L102: 0 | M102: - | N102: - | O102: - | P102: - | Q102: 0.85320377 | R102: 0.85320377 | S102: NHS West Yorkshire Integrated Care Board | Y102: 0 | Z102: 0 | AA102: 0 | AB102: 0 | AG102: 14048 | AH102: 14048 | AI102: 2417 | AJ102: 2417
B103: RXP | C103: NHS England North East And Yorkshire | D103: County Durham And Darlington NHS Foundation Trust | E103: 0 | F103: 0 | G103: 6923 | H103: 6923 | I103: 0 | J103: 0 | K103: 0 | L103: 0 | M103: 1 | N103: - | O103: - | P103: 1 | Q103: 0.6767265 | R103: 0.77254046 | S103: NHS North East And North Cumbria Integrated Care Board | Y103: 0 | Z103: 0 | AA103: 6923 | AB103: 6923 | AG103: 11122 | AH103: 18045 | AI103: 5313 | AJ103: 5313
B104: RP5 | C104: NHS England North East And Yorkshire | D104: Doncaster And Bassetlaw Teaching Hospitals NHS Foundation Trust | E104: 0 | F104: 0 | G104: 0 | H104: 0 | I104: 0 | J104: 0 | K104: 0 | L104: 0 | M104: - | N104: - | O104: - | P104: - | Q104: 0.73295975 | R104: 0.73295975 | S104: NHS South Yorkshire Integrated Care Board | Y104: 0 | Z104: 0 | AA104: 0 | AB104: 0 | AG104: 13603 | AH104: 13603 | AI104: 4956 | AJ104: 4956
...

Sheet Acute Trust Footprint Data
B2: Title: | C2: A&E Attendances monthly statistics, Acute NHS Trusts in England
B4: Summary: | C4: The total of booked and non-booked A&E attendances, as well as emergency admissions and headline 4-hour performance for acute trusts, with local type 3 activity included. Activity from type 3 providers within the acute trust footprint has been attributed to the acute trusts, the attribution has been agreed between ICBs and NHS England Regional teams and can be found updated each month on the publication page. Please see the Supplementary ECDS Analysis file for further breakdowns of A&E attendance data, this can be found published below this file on the NHS England Website, this provides attendance data split by age groups, gender, ethnicity, chief complaint and provides a data completeness and quality fact sheet.
B6: Period: | C6: September 26
B7: Source: | C7: SDCS data collection - MSitAE
B8: Basis: | C8: Provider
B9: Published: | C9: 8th October 2026
B10: Revised:
B11: Status: | C11: Published
B12: Contact: | C12: Kerry Evert - england.aedata@nhs.net
B14: Acute Trust Footprint Data
E15: A&E attendances | I15: A&E attendances less than 4 hours from arrival to admission, transfer or discharge | M15: A&E attendances greater than 4 hours from arrival to admission, transfer or discharge | Q15: Of which is additional mapped type 3 activity | S15: A&E Performance
B16: Code | C16: Region | D16: Name | E16: Type 1 Departments - Major A&E | F16: Type 2 Departments - Single Specialty | G16: Type 3 Departments - Other A&E/Minor Injury Unit | H16: Total attendances | I16: Type 1 Departments - Major A&E | J16: Type 2 Departments - Single Specialty | K16: Type 3 Departments - Other A&E/Minor Injury Unit | L16: Total Attendances < 4 hours | M16: Type 1 Departments - Major A&E | N16: Type 2 Departments - Single Specialty | O16: Type 3 Departments - Other A&E/Minor Injury Unit | P16: Total Attendances > 4 hours | Q16: A&E attendances | R16: A&E attendances > 4 hours | S16: Percentage in 4 hours or less (type 1) before mapping | T16: Percentage in 4 hours or less (all) before mapping | U16: Percentage in 4 hours or less (all) with additional mapped activity
B17: - | C17: - | D17: England | E17: 1503149 | F17: 55513 | G17: 886081 | H17: 2444743 | I17: 910567 | J17: 52395 | K17: 855030 | L17: 1817992 | M17: 592582 | N17: 3118 | O17: 31051 | P17: 626751 | Q17: - | R17: - | S17: 0.60577295 | T17: 0.74363318 | U17: 0.74363318
B19: RC9 | C19: NHS England East Of England | D19: Bedfordshire Hospitals NHS Foundation Trust | E19: 18509 | F19: 0 | G19: 11002 | H19: 29511 | I19: 11566 | J19: 0 | K19: 11002 | L19: 22568 | M19: 6943 | N19: 0 | O19: 0 | P19: 6943 | Q19: 2335 | R19: 0 | S19: 0.62488519 | T19: 0.74451722 | U19: 0.76473179
B20: RGT | C20: NHS England East Of England | D20: Cambridge University Hospitals NHS Foundation Trust | E20: 12085 | F20: 0 | G20: 5862 | H20: 17947 | I20: 6528 | J20: 0 | K20: 5762 | L20: 12290 | M20: 5557 | N20: 0 | O20: 100 | P20: 5657 | Q20: 0 | R20: 0 | S20: 0.54017377 | T20: 0.68479412 | U20: 0.68479412
B21: RWH | C21: NHS England East Of England | D21: East And North Hertfordshire NHS Trust | E21: 9588 | F21: 0 | G21: 11557 | H21: 21145 | I21: 4512 | J21: 0 | K21: 11315 | L21: 15827 | M21: 5076 | N21: 0 | O21: 242 | P21: 5318 | Q21: 2328 | R21: 120 | S21: 0.47058824 | T21: 0.72376043 | U21: 0.74849846
B22: RDE | C22: NHS England East Of England | D22: East Suffolk And North Essex NHS Foundation Trust | E22: 12846 | F22: 0 | G22: 12888 | H22: 25734 | I22: 7552 | J22: 0 | K22: 11936 | L22: 19488 | M22: 5294 | N22: 0 | O22: 952 | P22: 6246 | Q22: 0 | R22: 0 | S22: 0.58788728 | T22: 0.75728608 | U22: 0.75728608
B23: RGP | C23: NHS England East Of England | D23: James Paget University Hospitals NHS Foundation Trust | E23: 7874 | F23: 0 | G23: 1582 | H23: 9456 | I23: 4655 | J23: 0 | K23: 1582 | L23: 6237 | M23: 3219 | N23: 0 | O23: 0 | P23: 3219 | Q23: 0 | R23: 0 | S23: 0.59118618 | T23: 0.65958122 | U23: 0.65958122
B24: RAJ | C24: NHS England East Of England | D24: Mid and South Essex NHS Foundation Trust | E24: 28628 | F24: 0 | G24: 10141 | H24: 38769 | I24: 17700 | J24: 0 | K24: 9752 | L24: 27452 | M24: 10928 | N24: 0 | O24: 389 | P24: 11317 | Q24: 1626 | R24: 28 | S24: 0.61827581 | T24: 0.69606655 | U24: 0.70809152
B25: RD8 | C25: NHS England East Of England | D25: Milton Keynes University Hospital NHS Foundation Trust | E25: 9420 | F25: 0 | G25: 6789 | H25: 16209 | I25: 4770 | J25: 0 | K25: 6611 | L25: 11381 | M25: 4650 | N25: 0 | O25: 178 | P25: 4828 | Q25: 0 | R25: 0 | S25: 0.50636943 | T25: 0.70214079 | U25: 0.70214079
B26: RM1 | C26: NHS England East Of England | D26: Norfolk And Norwich University Hospitals NHS Foundation Trust | E26: 13687 | F26: 0 | G26: 8042 | H26: 21729 | I26: 9311 | J26: 0 | K26: 8035 | L26: 17346 | M26: 4376 | N26: 0 | O26: 7 | P26: 4383 | Q26: 0 | R26: 0 | S26: 0.68028056 | T26: 0.798288 | U26: 0.798288
B27: RGN | C27: NHS England East Of England | D27: North West Anglia NHS Foundation Trust | E27: 17985 | F27: 0 | G27: 3887 | H27: 21872 | I27: 10986 | J27: 0 | K27: 3617 | L27: 14603 | M27: 6999 | N27: 0 | O27: 270 | P27: 7269 | Q27: 0 | R27: 0 | S27: 0.61084237 | T27: 0.66765728 | U27: 0.66765728
B28: RQW | C28: NHS England East Of England | D28: The Princess Alexandra Hospital NHS Trust | E28: 9234 | F28: 0 | G28: 3760 | H28: 12994 | I28: 6590 | J28: 0 | K28: 3694 | L28: 10284 | M28: 2644 | N28: 0 | O28: 66 | P28: 2710 | Q28: 1195 | R28: 66 | S28: 0.71366688 | T28: 0.77591321 | U28: 0.7914422
B29: RCX | C29: NHS England East Of England | D29: The Queen Elizabeth Hospital, King's Lynn, NHS Foundation Trust | E29: 6636 | F29: 0 | G29: 1297 | H29: 7933 | I29: 3844 | J29: 0 | K29: 1297 | L29: 5141 | M29: 2792 | N29: 0 | O29: 0 | P29: 2792 | Q29: 0 | R29: 0 | S29: 0.57926462 | T29: 0.64805244 | U29: 0.64805244
B30: RWG | C30: NHS England East Of England | D30: West Hertfordshire Teaching Hospitals NHS Trust | E30: 8453 | F30: 0 | G30: 9787 | H30: 18240 | I30: 6176 | J30: 0 | K30: 9733 | L30: 15909 | M30: 2277 | N30: 0 | O30: 54 | P30: 2331 | Q30: 0 | R30: 0 | S30: 0.73062818 | T30: 0.87220395 | U30: 0.87220395
... B43: R1K | C43: NHS England London | D43: London North West University Healthcare NHS Trust | E43: 15095 | F43: 0 | G43: 16071 | H43: 31166 | I43: 7689 | J43: 0 | K43: 15816 | L43: 23505 | M43: 7406 | N43: 0 | O43: 255 | P43: 7661 | Q43: 0 | R43: 0 | S43: 0.50937396 | T43: 0.75418726 | U43: 0.75418726
B44: RP6 | C44: NHS England London | D44: Moorfields Eye Hospital NHS Foundation Trust | E44: 0 | F44: 6569 | G44: 0 | H44: 6569 | I44: 0 | J44: 6085 | K44: 0 | L44: 6085 | M44: 0 | N44: 484 | O44: 0 | P44: 484 | Q44: 0 | R44: 0 | S44: - | T44: 0.9263206 | U44: 0.9263206
B45: RAL | C45: NHS England London | D45: Royal Free London NHS Foundation Trust | E45: 27627 | F45: 625 | G45: 16844 | H45: 45096 | I45: 19407 | J45: 624 | K45: 16090 | L45: 36121 | M45: 8220 | N45: 1 | O45: 754 | P45: 8975 | Q45: 0 | R45: 0 | S45: 0.70246498 | T45: 0.80098013 | U45: 0.80098013
B46: RJ7 | C46: NHS England London | D46: St George's University Hospitals NHS Foundation Trust | E46: 10006 | F46: 0 | G46: 4101 | H46: 14107 | I46: 7127 | J46: 0 | K46: 3907 | L46: 11034 | M46: 2879 | N46: 0 | O46: 194 | P46: 3073 | Q46: 0 | R46: 0 | S46: 0.71227264 | T46: 0.78216488 | U46: 0.78216488
B47: RAS | C47: NHS England London | D47: The Hillingdon Hospitals NHS Foundation Trust | E47: 5219 | F47: 0 | G47: 7405 | H47: 12624 | I47: 3001 | J47: 0 | K47: 7332 | L47: 10333 | M47: 2218 | N47: 0 | O47: 73 | P47: 2291 | Q47: 0 | R47: 0 | S47: 0.57501437 | T47: 0.81852028 | U47: 0.81852028
B48: RRV | C48: NHS England London | D48: University College London Hospitals NHS Foundation Trust | E48: 14600 | F48: 0 | G48: 3868.29 | H48: 18468.29 | I48: 10900 | J48: 0 | K48: 3762.45 | L48: 14662.45 | M48: 3700 | N48: 0 | O48: 105.84 | P48: 3805.84 | Q48: 3868.29 | R48: 105.84 | S48: 0.74657534 | T48: 0.74657534 | U48: 0.7939257
B49: RKE | C49: NHS England London | D49: Whittington Health NHS Trust | E49: 9715 | F49: 0 | G49: 3008.67 | H49: 12723.67 | I49: 7009 | J49: 0 | K49: 2926.35 | L49: 9935.35 | M49: 2706 | N49: 0 | O49: 82.32 | P49: 2788.32 | Q49: 3008.67 | R49: 82.32 | S49: 0.72146166 | T49: 0.72146166 | U49: 0.78085568
B50: RQ3 | C50: NHS England Midlands | D50: Birmingham Women's And Children's NHS Foundation Trust | E50: 4840 | F50: 0 | G50: 897 | H50: 5737 | I50: 3592 | J50: 0 | K50: 897 | L50: 4489 | M50: 1248 | N50: 0 | O50: 0 | P50: 1248 | Q50: 0 | R50: 0 | S50: 0.74214876 | T50: 0.7824647 | U50: 0.7824647
B51: RFS | C51: NHS England Midlands | D51: Chesterfield Royal Hospital NHS Foundation Trust | E51: 6890 | F51: 0 | G51: 9877.08 | H51: 16767.08 | I51: 3540 | J51: 0 | K51: 9575.41 | L51: 13115.41 | M51: 3350 | N51: 0 | O51: 301.67 | P51: 3651.67 | Q51: 4657.08 | R51: 233.67 | S51: 0.5137881 | T51: 0.71775392 | U51: 0.78221193
B52: RLT | C52: NHS England Midlands | D52: George Eliot Hospital NHS Trust | E52: 7779 | F52: 0 | G52: 1653 | H52: 9432 | I52: 6527 | J52: 0 | K52: 1653 | L52: 8180 | M52: 1252 | N52: 0 | O52: 0 | P52: 1252 | Q52: 0 | R52: 0 | S52: 0.83905386 | T52: 0.86726039 | U52: 0.86726039
B53: RNQ | C53: NHS England Midlands | D53: Kettering General Hospital NHS Foundation Trust | E53: 11028 | F53: 0 | G53: 8976 | H53: 20004 | I53: 6689 | J53: 0 | K53: 8955 | L53: 15644 | M53: 4339 | N53: 0 | O53: 21 | P53: 4360 | Q53: 0 | R53: 0 | S53: 0.60654697 | T53: 0.78204359 | U53: 0.78204359
B54: RNS | C54: NHS England Midlands | D54: Northampton General Hospital NHS Trust | E54: 9611 | F54: 654 | G54: 3988 | H54: 14253 | I54: 5348 | J54: 629 | K54: 3908 | L54: 9885 | M54: 4263 | N54: 25 | O54: 80 | P54: 4368 | Q54: 0 | R54: 0 | S54: 0.55644574 | T54: 0.6935382 | U54: 0.6935382
B55: RX1 | C55: NHS England Midlands | D55: Nottingham University Hospitals NHS Trust | E55: 13656 | F55: 2016 | G55: 12127 | H55: 27799 | I55: 6086 | J55: 1933 | K55: 10392 | L55: 18411 | M55: 7570 | N55: 83 | O55: 1735 | P55: 9388 | Q55: 0 | R55: 0 | S55: 0.44566491 | T55: 0.66229001 | U55: 0.66229001
B56: RXK | C56: NHS England Midlands | D56: Sandwell And West Birmingham Hospitals NHS Trust | E56: 12136 | F56: 1281 | G56: 8369 | H56: 21786 | I56: 6916 | J56: 1024 | K56: 8284 | L56: 16224 | M56: 5220 | N56: 257 | O56: 85 | P56: 5562 | Q56: 0 | R56: 0 | S56: 0.56987475 | T56: 0.74469843 | U56: 0.74469843
... B100: REM | C100: NHS England North West | D100: Liverpool University Hospitals NHS Foundation Trust | E100: 17475 | F100: 1989 | G100: 14194.93 | H100: 33658.93 | I100: 8384 | J100: 1974 | K100: 13801.017 | L100: 24159.017 | M100: 9091 | N100: 15 | O100: 393.91381 | P100: 9499.9138 | Q100: 5505.9304 | R100: 111.91381 | S100: 0.4797711 | T100: 0.66653643 | U100: 0.71775949
B101: REP | C101: NHS England North West | D101: Liverpool Women's NHS Foundation Trust | E101: 0 | F101: 1654 | G101: 0 | H101: 1654 | I101: 0 | J101: 1466 | K101: 0 | L101: 1466 | M101: 0 | N101: 188 | O101: 0 | P101: 188 | Q101: 0 | R101: 0 | S101: - | T101: 0.88633615 | U101: 0.88633615
B102: R0A | C102: NHS England North West | D102: Manchester University NHS Foundation Trust | E102: 31246 | F102: 3914 | G102: 12346 | H102: 47506 | I102: 18513 | J102: 3566 | K102: 11967 | L102: 34046 | M102: 12733 | N102: 348 | O102: 379 | P102: 13460 | Q102: 0 | R102: 0 | S102: 0.59249184 | T102: 0.71666737 | U102: 0.71666737
B103: RBT | C103: NHS England North West | D103: Mid Cheshire Hospitals NHS Foundation Trust | E103: 7353 | F103: 0 | G103: 3319 | H103: 10672 | I103: 3657 | J103: 0 | K103: 3297 | L103: 6954 | M103: 3696 | N103: 0 | O103: 22 | P103: 3718 | Q103: 0 | R103: 0 | S103: 0.49734802 | T103: 0.65161169 | U103: 0.65161169
B104: RM3 | C104: NHS England North West | D104: Northern Care Alliance NHS Foundation Trust | E104: 27197 | F104: 0 | G104: 10061 | H104: 37258 | I104: 16734 | J104: 0 | K104: 9666 | L104: 26400 | M104: 10463 | N104: 0 | O104: 395 | P104: 10858 | Q104: 1040 | R104: 4 | S104: 0.61528845 | T104: 0.70031476 | U104: 0.70857266
B105: RBN | C105: NHS England North West | D105: Mersey and West Lancashire Teaching Hospitals NHS Trust | E105: 18040 | F105: 0 | G105: 12458.688 | H105: 30498.688 | I105: 11330 | J105: 0 | K105: 12316.736 | L105: 23646.736 | M105: 6710 | N105: 0 | O105: 141.95189 | P105: 6851.9519 | Q105: 5123.6879 | R105: 83.951895 | S105: 0.62804878 | T105: 0.73328079 | U105: 0.77533617
B106: RWJ | C106: NHS England North West | D106: Stockport NHS Foundation Trust | E106: 8875 | F106: 0 | G106: 2414 | H106: 11289 | I106: 5574 | J106: 0 | K106: 2353 | L106: 7927 | M106: 3301 | N106: 0 | O106: 61 | P106: 3362 | Q106: 0 | R106: 0 | S106: 0.62805634 | T106: 0.70218797 | U106: 0.70218797
B107: RMP | C107: NHS England North West | D107: Tameside And Glossop Integrated Care NHS Foundation Trust | E107: 9548 | F107: 0 | G107: 2419 | H107: 11967 | I107: 4801 | J107: 0 | K107: 2380 | L107: 7181 | M107: 4747 | N107: 0 | O107: 39 | P107: 4786 | Q107: 0 | R107: 0 | S107: 0.50282782 | T107: 0.60006685 | U107: 0.60006685
B108: RTX | C108: NHS England North West | D108: University Hospitals Of Morecambe Bay NHS Foundation Trust | E108: 9076 | F108: 0 | G108: 4957 | H108: 14033 | I108: 5468 | J108: 0 | K108: 4841 | L108: 10309 | M108: 3608 | N108: 0 | O108: 116 | P108: 3724 | Q108: 0 | R108: 0 | S108: 0.60246805 | T108: 0.73462553 | U108: 0.73462553
B109: RWW | C109: NHS England North West | D109: North Cheshire and Mersey NHS Foundation Trust | E109: 7511 | F109: 0 | G109: 6530 | H109: 14041 | I109: 4125 | J109: 0 | K109: 6429 | L109: 10554 | M109: 3386 | N109: 0 | O109: 101 | P109: 3487 | Q109: 0 | R109: 0 | S109: 0.54919451 | T109: 0.75165586 | U109: 0.75165586
B110: RBL | C110: NHS England North West | D110: Wirral University Teaching Hospital NHS Foundation Trust | E110: 8046 | F110: 0 | G110: 7890 | H110: 15936 | I110: 3494 | J110: 0 | K110: 7109 | L110: 10603 | M110: 4552 | N110: 0 | O110: 781 | P110: 5333 | Q110: 5267 | R110: 365 | S110: 0.43425304 | T110: 0.53435186 | U110: 0.6653489
B111: RRF | C111: NHS England North West | D111: Wrightington, Wigan And Leigh NHS Foundation Trust | E111: 7034 | F111: 0 | G111: 6080 | H111: 13114 | I111: 3056 | J111: 0 | K111: 5996 | L111: 9052 | M111: 3978 | N111: 0 | O111: 84 | P111: 4062 | Q111: 0 | R111: 0 | S111: 0.43446119 | T111: 0.69025469 | U111: 0.69025469
B112: RTK | C112: NHS England South East | D112: Ashford And St Peter's Hospitals NHS Foundation Trust | E112: 8078 | F112: 0 | G112: 8040 | H112: 16118 | I112: 4690 | J112: 0 | K112: 7526 | L112: 12216 | M112: 3388 | N112: 0 | O112: 514 | P112: 3902 | Q112: 5357 | R112: 357 | S112: 0.58058925 | T112: 0.67056965 | U112: 0.75791041
B113: RXQ | C113: NHS England South East | D113: Buckinghamshire Healthcare NHS Trust | E113: 9848 | F113: 1233 | G113: 3232 | H113: 14313 | I113: 6755 | J113: 1233 | K113: 3112 | L113: 11100 | M113: 3093 | N113: 0 | O113: 120 | P113: 3213 | Q113: 0 | R113: 0 | S113: 0.68592608 | T113: 0.77551876 | U113: 0.77551876
... B140: R0D | C140: NHS England South West | D140: University Hospitals Dorset NHS Foundation Trust | E140: 16401 | F140: 0 | G140: 4083 | H140: 20484 | I140: 10634 | J140: 0 | K140: 4083 | L140: 14717 | M140: 5767 | N140: 0 | O140: 0 | P140: 5767 | Q140: 0 | R140: 0 | S140: 0.6483751 | T140: 0.71846319 | U140: 0.71846319

Sheet Acute Trust Mapping
F1: vlookup ref | G1: 4 | H1: 5 | I1: 6 | J1: 7 | K1: 12 | L1: 13 | M1: 14 | N1: 15
G2: 1 | H2: 2 | I2: 3 | J2: 4 | K2: 8 | L2: 9 | M2: 10 | N2: 11
G3: A&E attendances | K3: A&E attendances > 4 hours from arrival to admission, transfer or discharge
A4: Code | B4: Region | C4: Name | D4: Acute Code | E4: Acute trust 1 | F4: Proportion of Attends Acute 1 | G4: Type 1 Departments - Major A&E | H4: Type 2 Departments - Single Specialty | I4: Type 3 Departments - Other A&E/Minor Injury Unit | J4: Total attendances | K4: Type 1 Departments - Major A&E | L4: Type 2 Departments - Single Specialty | M4: Type 3 Departments - Other A&E/Minor Injury Unit | N4: Total Attendances > 4 hours
A5: RC9 | B5: NHS England East Of England | C5: Bedfordshire Hospitals NHS Foundation Trust | D5: RC9 | E5: Bedfordshire Hospitals NHS Foundation Trust | F5: 1 | G5: 18509 | H5: 0 | I5: 8667 | J5: 27176 | K5: 6943 | L5: 0 | M5: 0 | N5: 6943 | P5: Bedfordshire Hospitals NHS Foundation Trust | Q5: RC9
A6: RGT | B6: NHS England East Of England | C6: Cambridge University Hospitals NHS Foundation Trust | D6: RGT | E6: Cambridge University Hospitals NHS Foundation Trust | F6: 1 | G6: 12085 | H6: 0 | I6: 5862 | J6: 17947 | K6: 5557 | L6: 0 | M6: 100 | N6: 5657 | P6: Cambridge University Hospitals NHS Foundation Trust | Q6: RGT
A7: NQ108 | B7: NHS England East Of England | C7: Clacton Hospital | D7: RDE | E7: East Suffolk And North Essex NHS Foundation Trust | F7: 1 | G7: 0 | H7: 0 | I7: 0 | J7: 0 | K7: 0 | L7: 0 | M7: 0 | N7: 0 | P7: East And North Hertfordshire NHS Trust | Q7: RWH
A8: RWH | B8: NHS England East Of England | C8: East And North Hertfordshire NHS Trust | D8: RWH | E8: East And North Hertfordshire NHS Trust | F8: 1 | G8: 9588 | H8: 0 | I8: 9229 | J8: 18817 | K8: 5076 | L8: 0 | M8: 122 | N8: 5198 | P8: East Suffolk and North Essex NHS Foundation Trust | Q8: RDE
A9: RDE | B9: NHS England East Of England | C9: East Suffolk And North Essex NHS Foundation Trust | D9: RDE | E9: East Suffolk And North Essex NHS Foundation Trust | F9: 1 | G9: 12846 | H9: 0 | I9: 12888 | J9: 25734 | K9: 5294 | L9: 0 | M9: 952 | N9: 6246 | P9: James Paget University Hospitals NHS Foundation Trust | Q9: RGP
A10: NQ106 | B10: NHS England East Of England | C10: Fryatt Hospital | D10: RDE | E10: East Suffolk And North Essex NHS Foundation Trust | F10: 1 | G10: 0 | H10: 0 | I10: 0 | J10: 0 | K10: 0 | L10: 0 | M10: 0 | N10: 0 | P10: Mid and South Essex NHS Foundation Trust | Q10: RAJ
A11: RY4 | B11: NHS England East Of England | C11: Hertfordshire Community NHS Trust | D11: RQW | E11: The Princess Alexandra Hospital NHS Trust | F11: 1 | G11: 0 | H11: 0 | I11: 1195 | J11: 1195 | K11: 0 | L11: 0 | M11: 66 | N11: 66 | P11: Milton Keynes University Hospital NHS Foundation Trust | Q11: RD8
A12: DT301 | B12: NHS England East Of England | C12: Herts Urgent Care (Ascots Lane) | D12: RWH | E12: East & North Hertfordshire | F12: 1 | G12: 0 | H12: 0 | I12: 2328 | J12: 2328 | K12: 0 | L12: 0 | M12: 120 | N12: 120 | P12: Norfolk And Norwich University Hospitals NHS Foundation Trust | Q12: RM1
A13: RGP | B13: NHS England East Of England | C13: James Paget University Hospitals NHS Foundation Trust | D13: RGP | E13: James Paget University Hospitals NHS Foundation Trust | F13: 1 | G13: 7874 | H13: 0 | I13: 1582 | J13: 9456 | K13: 3219 | L13: 0 | M13: 0 | N13: 3219 | P13: North West Anglia NHS Foundation Trust | Q13: RGN
A14: RAJ | B14: NHS England East Of England | C14: Mid and South Essex NHS Foundation Trust | D14: RAJ | E14: Mid and South Essex NHS Foundation Trust | F14: 1 | G14: 28628 | H14: 0 | I14: 8515 | J14: 37143 | K14: 10928 | L14: 0 | M14: 361 | N14: 11289 | P14: The Princess Alexandra Hospital NHS Trust | Q14: RQW
A15: RD8 | B15: NHS England East Of England | C15: Milton Keynes University Hospital NHS Foundation Trust | D15: RD8 | E15: Milton Keynes University Hospital NHS Foundation Trust | F15: 1 | G15: 9420 | H15: 0 | I15: 6789 | J15: 16209 | K15: 4650 | L15: 0 | M15: 178 | N15: 4828 | P15: The Queen Elizabeth Hospital, King's Lynn, NHS Foundation Trust | Q15: RCX
A16: RM1 | B16: NHS England East Of England | C16: Norfolk And Norwich University Hospitals NHS Foundation Trust | D16: RM1 | E16: Norfolk And Norwich University Hospitals NHS Foundation Trust | F16: 1 | G16: 13687 | H16: 0 | I16: 8042 | J16: 21729 | K16: 4376 | L16: 0 | M16: 7 | N16: 4383 | P16: West Hertfordshire Hospitals NHS Trust | Q16: RWG
... A128: RXL | B128: NHS England North West | C128: Blackpool Teaching Hospitals NHS Foundation Trust | D128: RXL | E128: Blackpool Teaching Hospitals NHS Foundation Trust | F128: 1 | G128: 9133 | H128: 0 | I128: 10139 | J128: 19272 | K128: 4514 | L128: 0 | M128: 116 | N128: 4630 | P128: Yeovil District Hospital NHS Foundation Trust | Q128: RA4
A129: RMC | B129: NHS England North West | C129: Bolton NHS Foundation Trust | D129: RMC | E129: Bolton NHS Foundation Trust | F129: 1 | G129: 8873 | H129: 0 | I129: 3726 | J129: 12599 | K129: 4319 | L129: 0 | M129: 300 | N129: 4619
A130: RJR | B130: NHS England North West | C130: Countess Of Chester Hospital NHS Foundation Trust | D130: RJR | E130: Countess Of Chester Hospital NHS Foundation Trust | F130: 1 | G130: 5968 | H130: 0 | I130: 2708 | J130: 8676 | K130: 2964 | L130: 0 | M130: 346 | N130: 3310
A131: RJN | B131: NHS England North West | C131: East Cheshire NHS Trust | D131: RJN | E131: East Cheshire NHS Trust | F131: 1 | G131: 4753 | H131: 0 | I131: 58 | J131: 4811 | K131: 2413 | L131: 0 | M131: 0 | N131: 2413
A132: RXR | B132: NHS England North West | C132: East Lancashire Hospitals NHS Trust | D132: RXR | E132: East Lancashire Hospitals NHS Trust | F132: 1 | G132: 13927 | H132: 0 | I132: 11315 | J132: 25242 | K132: 5219 | L132: 0 | M132: 935 | N132: 6154
A133: RXN | B133: NHS England North West | C133: Lancashire Teaching Hospitals NHS Foundation Trust | D133: RXN | E133: Lancashire Teaching Hospitals NHS Foundation Trust | F133: 1 | G133: 13030 | H133: 0 | I133: 3385 | J133: 16415 | K133: 4203 | L133: 0 | M133: 237 | N133: 4440
A134: REM | B134: NHS England North West | C134: Liverpool University Hospitals NHS Foundation Trust | D134: REM | E134: Liverpool University Hospitals NHS Foundation Trust | F134: 1 | G134: 17475 | H134: 1989 | I134: 8689 | J134: 28153 | K134: 9091 | L134: 15 | M134: 282 | N134: 9388
A135: REP | B135: NHS England North West | C135: Liverpool Women's NHS Foundation Trust | D135: REP | E135: Liverpool Women's NHS Foundation Trust | F135: 1 | G135: 0 | H135: 1654 | I135: 0 | J135: 1654 | K135: 0 | L135: 188 | M135: 0 | N135: 188
A136: R0A | B136: NHS England North West | C136: Manchester University NHS Foundation Trust | D136: R0A | E136: Manchester University NHS Foundation Trust | F136: 1 | G136: 31246 | H136: 3914 | I136: 12346 | J136: 47506 | K136: 12733 | L136: 348 | M136: 379 | N136: 13460
A137: RW4 | B137: NHS England North West | C137: Mersey Care NHS Foundation Trust | D137: REM | E137: Liverpool University Hospitals NHS Foundation Trust | F137: 0.38195841 | G137: 0 | H137: 0 | I137: 5505.9304 | J137: 5505.9304 | K137: 0 | L137: 0 | M137: 111.91381 | N137: 111.91381
A138: RW4 | B138: NHS England North West | C138: Mersey Care NHS Foundation Trust | D138: RBS | E138: Alder Hey Children's NHS Foundation Trust | F138: 0.37588496 | G138: 0 | H138: 0 | I138: 5418.3816 | J138: 5418.3816 | K138: 0 | L138: 0 | M138: 110.13429 | N138: 110.13429
A139: RW4 | B139: NHS England North West | C139: Mersey Care NHS Foundation Trust | D139: RBN | E139: Mersey and West Lancashire Teaching Hospitals NHS Trust | F139: 0.24215664 | G139: 0 | H139: 0 | I139: 3490.6879 | J139: 3490.6879 | K139: 0 | L139: 0 | M139: 70.951895 | N139: 70.951895
A140: RBT | B140: NHS England North West | C140: Mid Cheshire Hospitals NHS Foundation Trust | D140: RBT | E140: Mid Cheshire Hospitals NHS Foundation Trust | F140: 1 | G140: 7353 | H140: 0 | I140: 3319 | J140: 10672 | K140: 3696 | L140: 0 | M140: 22 | N140: 3718
... A214: RK9 | B214: NHS England South West | C214: University Hospitals Plymouth NHS Trust | D214: RK9 | E214: University Hospitals Plymouth NHS Trust | F214: 1 | G214: 9089 | H214: 74 | I214: 8290 | J214: 17453 | K214: 5796 | L214: 6 | M214: 201 | N214: 6003
G215: 0 | H215: 0 | I215: 0 | J215: 0 | K215: 0 | L215: 0 | M215: 0 | N215: 0
G216: 0 | H216: 0 | I216: 0 | J216: 0 | K216: 0 | L216: 0 | M216: 0 | N216: 0
G217: 0 | H217: 0 | I217: 0 | J217: 0 | K217: 0 | L217: 0 | M217: 0 | N217: 0
G218: 0 | H218: 0 | I218: 0 | J218: 0 | K218: 0 | L218: 0 | M218: 0 | N218: 0
G219: 0 | H219: 0 | I219: 0 | J219: 0 | K219: 0 | L219: 0 | M219: 0 | N219: 0
G220: 0 | H220: 0 | I220: 0 | J220: 0 | K220: 0 | L220: 0 | M220: 0 | N220: 0
G221: 0 | H221: 0 | I221: 0 | J221: 0 | K221: 0 | L221: 0 | M221: 0 | N221: 0
G222: 0 | H222: 0 | I222: 0 | J222: 0 | K222: 0 | L222: 0 | M222: 0 | N222: 0
G223: 0 | H223: 0 | I223: 0 | J223: 0 | K223: 0 | L223: 0 | M223: 0 | N223: 0
G224: 0 | H224: 0 | I224: 0 | J224: 0 | K224: 0 | L224: 0 | M224: 0 | N224: 0
G225: 0 | H225: 0 | I225: 0 | J225: 0 | K225: 0 | L225: 0 | M225: 0 | N225: 0
G226: 0 | H226: 0 | I226: 0 | J226: 0 | K226: 0 | L226: 0 | M226: 0 | N226: 0
... G248: 0 | H248: 0 | I248: 0 | J248: 0 | K248: 0 | L248: 0 | M248: 0 | N248: 0

Sheet QA
E6: system
E7: Type 1 Departments - Major A&E | F7: Type 2 Departments - Single Specialty | G7: Type 3 Departments - Other A&E/Minor Injury Unit | H7: Total attendances | I7: Type 1 Departments - Major A&E | J7: Type 2 Departments - Single Specialty | K7: Type 3 Departments - Other A&E/Minor Injury Unit | L7: Total Attendances < 4 hours | M7: Type 1 Departments - Major A&E | N7: Type 2 Departments - Single Specialty | O7: Type 3 Departments - Other A&E/Minor Injury Unit | P7: Total Attendances > 4 hours | R7: Emergency Admissions via Type 1 A&E | S7: Emergency Admissions via Type 2 A&E | T7: Emergency Admissions via Type 3 and 4 A&E | U7: Total Emergency Admissions via A&E | V7: Other Emergency admissions (i.e not via A&E) | W7: Total Emergency Admissions | X7: Number of patients spending >4 hours from decision to admit to admission | Y7: Number of patients spending >12 hours from decision to admit to admission
E8: ='System Level Data'!D17 -> 1503149 | F8: ='System Level Data'!E17 -> 55513 | G8: ='System Level Data'!F17 -> 886081 | H8: ='System Level Data'!G17 -> 2444743 | I8: ='System Level Data'!H17 -> 910567 | J8: ='System Level Data'!I17 -> 52395 | K8: ='System Level Data'!J17 -> 855030 | L8: ='System Level Data'!K17 -> 1817992 | ... P8: ='System Level Data'!O17 -> 626751 | R8: ='System Level Data'!T17 -> 394675 | S8: ='System Level Data'!U17 -> 1534 | T8: ='System Level Data'!V17 -> 5107 | U8: ='System Level Data'!W17 -> 401316 | V8: ='System Level Data'!X17 -> 134842 | W8: ='System Level Data'!Y17 -> 536158 | X8: ='System Level Data'!Z17 -> 129199 | Y8: ='System Level Data'!AA17 -> 50582
E9: =SUM('System Level Data'!D$19:D$54) -> 1503149 | F9: =SUM('System Level Data'!E$19:E$54) -> 55513 | G9: =SUM('System Level Data'!F$19:F$54) -> 886081 | H9: =SUM('System Level Data'!G$19:G$54) -> 2444743 | I9: =SUM('System Level Data'!H$19:H$54) -> 910567 | J9: =SUM('System Level Data'!I$19:I$54) -> 52395 | K9: =SUM('System Level Data'!J$19:J$54) -> 855030 | L9: =SUM('System Level Data'!K$19:K$54) -> 1817992 | ... P9: =SUM('System Level Data'!O$19:O$54) -> 626751 | R9: =SUM('System Level Data'!T$19:T$54) -> 394675 | S9: =SUM('System Level Data'!U$19:U$54) -> 1534 | T9: =SUM('System Level Data'!V$19:V$54) -> 5107 | U9: =SUM('System Level Data'!W$19:W$54) -> 401316 | V9: =SUM('System Level Data'!X$19:X$54) -> 134842 | W9: =SUM('System Level Data'!Y$19:Y$54) -> 536158 | X9: =SUM('System Level Data'!Z$19:Z$54) -> 129199 | Y9: =SUM('System Level Data'!AA$19:AA$54) -> 50582
E11: =IF(E8=E9,"pass","fail") -> pass | F11: =IF(F8=F9,"pass","fail") -> pass | G11: =IF(G8=G9,"pass","fail") -> pass | H11: =IF(H8=H9,"pass","fail") -> pass | I11: =IF(I8=I9,"pass","fail") -> pass | J11: =IF(J8=J9,"pass","fail") -> pass | K11: =IF(K8=K9,"pass","fail") -> pass | L11: =IF(L8=L9,"pass","fail") -> pass | ... P11: =IF(P8=P9,"pass","fail") -> pass | R11: =IF(R8=R9,"pass","fail") -> pass | S11: =IF(S8=S9,"pass","fail") -> pass | T11: =IF(T8=T9,"pass","fail") -> pass | U11: =IF(U8=U9,"pass","fail") -> pass | V11: =IF(V8=V9,"pass","fail") -> pass | W11: =IF(W8=W9,"pass","fail") -> pass | X11: =IF(X8=X9,"pass","fail") -> pass | Y11: =IF(Y8=Y9,"pass","fail") -> pass
E12: system v provider
E13: =IF(E8=E17,"pass","fail") -> pass | F13: =IF(F8=F17,"pass","fail") -> pass | G13: =IF(G8=G17,"pass","fail") -> pass | H13: =IF(H8=H17,"pass","fail") -> pass | I13: =IF(I8=I17,"pass","fail") -> pass | J13: =IF(J8=J17,"pass","fail") -> pass | K13: =IF(K8=K17,"pass","fail") -> pass | L13: =IF(L8=L17,"pass","fail") -> pass | ... P13: =IF(P8=P17,"pass","fail") -> pass | R13: =IF(R8=R17,"pass","fail") -> pass | S13: =IF(S8=S17,"pass","fail") -> pass | T13: =IF(T8=T17,"pass","fail") -> pass | U13: =IF(U8=U17,"pass","fail") -> pass | V13: =IF(V8=V17,"pass","fail") -> pass | W13: =IF(W8=W17,"pass","fail") -> pass | X13: =IF(X8=X17,"pass","fail") -> pass | Y13: =IF(Y8=Y17,"pass","fail") -> pass
E15: Provider check
E16: Type 1 Departments - Major A&E | F16: Type 2 Departments - Single Specialty | G16: Type 3 Departments - Other A&E/Minor Injury Unit | H16: Total attendances | I16: Type 1 Departments - Major A&E | J16: Type 2 Departments - Single Specialty | K16: Type 3 Departments - Other A&E/Minor Injury Unit | L16: Total Attendances < 4 hours | M16: Type 1 Departments - Major A&E | N16: Type 2 Departments - Single Specialty | O16: Type 3 Departments - Other A&E/Minor Injury Unit | P16: Total Attendances > 4 hours | R16: Emergency Admissions via Type 1 A&E | S16: Emergency Admissions via Type 2 A&E | T16: Emergency Admissions via Type 3 and 4 A&E | U16: Total Emergency Admissions via A&E | V16: Other Emergency admissions (i.e not via A&E) | W16: Total Emergency Admissions | X16: Number of patients spending >4 hours from decision to admit to admission | Y16: Number of patients spending >12 hours from decision to admit to admission
E17: ='Provider Level Data'!E17 -> 1503149 | F17: ='Provider Level Data'!F17 -> 55513 | G17: ='Provider Level Data'!G17 -> 886081 | H17: ='Provider Level Data'!H17 -> 2444743 | I17: ='Provider Level Data'!I17 -> 910567 | J17: ='Provider Level Data'!J17 -> 52395 | K17: ='Provider Level Data'!K17 -> 855030 | L17: ='Provider Level Data'!L17 -> 1817992 | ... P17: ='Provider Level Data'!P17 -> 626751 | R17: ='Provider Level Data'!U17 -> 394675 | S17: ='Provider Level Data'!V17 -> 1534 | T17: ='Provider Level Data'!W17 -> 5107 | U17: ='Provider Level Data'!X17 -> 401316 | V17: ='Provider Level Data'!Y17 -> 134842 | W17: ='Provider Level Data'!Z17 -> 536158 | X17: ='Provider Level Data'!AA17 -> 129199 | Y17: ='Provider Level Data'!AB17 -> 50582
E18: =SUM('Provider Level Data'!E$19:E$219) -> 1503149 | F18: =SUM('Provider Level Data'!F$19:F$219) -> 55513 | G18: =SUM('Provider Level Data'!G$19:G$219) -> 886081 | H18: =SUM('Provider Level Data'!H$19:H$219) -> 2444743 | I18: =SUM('Provider Level Data'!I$19:I$219) -> 910567 | J18: =SUM('Provider Level Data'!J$19:J$219) -> 52395 | K18: =SUM('Provider Level Data'!K$19:K$219) -> 855030 | L18: =SUM('Provider Level Data'!L$19:L$219) -> 1817992 | ... P18: =SUM('Provider Level Data'!P$19:P$219) -> 626751 | R18: =SUM('Provider Level Data'!U$19:U$219) -> 394675 | S18: =SUM('Provider Level Data'!V$19:V$219) -> 1534 | T18: =SUM('Provider Level Data'!W$19:W$219) -> 5107 | U18: =SUM('Provider Level Data'!X$19:X$219) -> 401316 | V18: =SUM('Provider Level Data'!Y$19:Y$219) -> 134842 | W18: =SUM('Provider Level Data'!Z$19:Z$219) -> 536158 | X18: =SUM('Provider Level Data'!AA$19:AA$219) -> 129199 | Y18: =SUM('Provider Level Data'!AB$19:AB$219) -> 50582
E20: =IF(E17=E18,"pass","fail") -> pass | F20: =IF(F17=F18,"pass","fail") -> pass | G20: =IF(G17=G18,"pass","fail") -> pass | H20: =IF(H17=H18,"pass","fail") -> pass | I20: =IF(I17=I18,"pass","fail") -> pass | J20: =IF(J17=J18,"pass","fail") -> pass | K20: =IF(K17=K18,"pass","fail") -> pass | L20: =IF(L17=L18,"pass","fail") -> pass | ... P20: =IF(P17=P18,"pass","fail") -> pass | R20: =IF(R17=R18,"pass","fail") -> pass | S20: =IF(S17=S18,"pass","fail") -> pass | T20: =IF(T17=T18,"pass","fail") -> pass | U20: =IF(U17=U18,"pass","fail") -> pass | V20: =IF(V17=V18,"pass","fail") -> pass | W20: =IF(W17=W18,"pass","fail") -> pass | X20: =IF(X17=X18,"pass","fail") -> pass | Y20: =IF(Y17=Y18,"pass","fail") -> pass
E22: Provider v Acute Footprint
E23: =IF(E17=E27,"PASS","Fail") -> PASS | F23: =IF(F17=F27,"PASS","Fail") -> PASS | G23: =IF(G17=G27,"PASS","Fail") -> PASS | H23: =IF(H17=H27,"PASS","Fail") -> PASS | I23: =IF(I17=I27,"PASS","Fail") -> PASS | J23: =IF(J17=J27,"PASS","Fail") -> PASS | K23: =IF(K17=K27,"PASS","Fail") -> PASS | L23: =IF(L17=L27,"PASS","Fail") -> PASS | ... P23: =IF(P17=P27,"PASS","Fail") -> PASS
E25: Acute Trust Footprint Data
E26: Type 1 Departments - Major A&E | F26: Type 2 Departments - Single Specialty | G26: Type 3 Departments - Other A&E/Minor Injury Unit | H26: Total attendances | I26: Type 1 Departments - Major A&E | J26: Type 2 Departments - Single Specialty | K26: Type 3 Departments - Other A&E/Minor Injury Unit | L26: Total Attendances < 4 hours | M26: Type 1 Departments - Major A&E | N26: Type 2 Departments - Single Specialty | O26: Type 3 Departments - Other A&E/Minor Injury Unit | P26: Total Attendances > 4 hours
E27: ='Acute Trust Footprint Data'!E17 -> 1503149 | F27: ='Acute Trust Footprint Data'!F17 -> 55513 | G27: ='Acute Trust Footprint Data'!G17 -> 886081 | H27: ='Acute Trust Footprint Data'!H17 -> 2444743 | I27: ='Acute Trust Footprint Data'!I17 -> 910567 | J27: ='Acute Trust Footprint Data'!J17 -> 52395 | K27: ='Acute Trust Footprint Data'!K17 -> 855030 | L27: ='Acute Trust Footprint Data'!L17 -> 1817992 | ... P27: ='Acute Trust Footprint Data'!P17 -> 626751
E28: =SUM('Acute Trust Footprint Data'!E$19:E$140) -> 1503149 | F28: =SUM('Acute Trust Footprint Data'!F$19:F$140) -> 55513 | G28: =SUM('Acute Trust Footprint Data'!G$19:G$140) -> 886081 | H28: =SUM('Acute Trust Footprint Data'!H$19:H$140) -> 2444743 | I28: =SUM('Acute Trust Footprint Data'!I$19:I$140) -> 910567 | J28: =SUM('Acute Trust Footprint Data'!J$19:J$140) -> 52395 | K28: =SUM('Acute Trust Footprint Data'!K$19:K$140) -> 855030 | L28: =SUM('Acute Trust Footprint Data'!L$19:L$140) -> 1817992 | ... P28: =SUM('Acute Trust Footprint Data'!P$19:P$140) -> 626751
